user_id,twitter_username,label
f5a343a36717c043,4198fa2270208155,0
0b9a553035f31183,0b9a553035f31183,0
2bf6dd08aed9b588,765c96001f2c8fbb,1
57af0fce0c68c580,57af0fce0c68c580,1
dbd62241146fc8a6,dbd62241146fc8a6,1
12e637ca4c5d05e4,e00407b4bd0ddeb3,1
62e848c61c9eb969,9f2d06d418414e41,1
74c6987178c82de4,1ea2e7db1e7c4b69,1
cff656467575d7d2,cff656467575d7d2,1
228abda6098f236d,228abda6098f236d,1
f3089e5a7cd28c0e,da748a280f6ef877,1
911b12f14ba34360,1049dbd5a7faf786,1
2b09826bd448ec8f,2b09826bd448ec8f,1
0561b33d88bf26b3,0561b33d88bf26b3,0
d5a82455e47cc690,f480fb87da0bec7a,0
1d067032af10469c,8e9531e643e6999f,0
6493f8396d26755f,ad248cb43ebf4e50,0
e418e059dd90a45d,e418e059dd90a45d,0
e58d9d60f83cdb66,e58d9d60f83cdb66,0
c308282559f2d25c,d544d045ccd09875,0
4200a95d56e186bd,80b5f3a6dde1ccdf,0
06de8a4b667458c9,a9cadbd6b3e7a6ac,1
69d40b62cf747867,69d40b62cf747867,1
cda7013e137644ed,cda7013e137644ed,1
ca6f13f6a8d8bd4c,92b4450127543751,1
bd528c7409ade50a,1666cee04b520527,1
09e9b41f0ff7751c,09e9b41f0ff7751c,1
b4f701e752cae2ce,b4f701e752cae2ce,1
33806395db5fe872,7573754ae22042e3,1
22be04f530a73656,ad389f2889a21384,1
32860d10f64e97a8,32860d10f64e97a8,1
546c1d62921a9c3a,546c1d62921a9c3a,1
5dfd52931cb21d00,fe815c360e585680,1
2625dfe6de4de892,2625dfe6de4de892,1
60ab0aa982c8dbe6,5eeffc7676eaf7b7,1
1186402acb618980,43befc7380dc72b1,1
1574d5debb180342,afa1357ca8ec1b32,1
0529f41ef1c0c63b,8e6322358a6acaa3,0
ff019b0d701459f5,2e886d21aeaae203,0
f44a9fe02b98f291,f44a9fe02b98f291,1
167250c3f8701a1d,167250c3f8701a1d,1
97cd33701d3c1c66,5d18703d5af15a7c,0
80afa4a21a9cf9e8,a2a262c7016c8025,0
68e5c0b5e3305277,68e5c0b5e3305277,0
c02be446dda851d3,b123eba0e6d5f216,0
cc1bd81c89bf7433,cc1bd81c89bf7433,1
b9ac927749535e9e,7bd97e006a34bb16,1
47bfec43ae609207,47bfec43ae609207,1
dabfd6695e9e0c8d,419af5879652a518,1
21523b8447edf3f3,848fd7de3a2fb2a3,0
3c3d2d7832fd5d9c,3c3d2d7832fd5d9c,1
f1609b98ccaf79e8,27424a576773023f,1
a6b89d2c4b01c115,60d5aaeb153fe297,1
a53e69b4d6e8ae05,a53e69b4d6e8ae05,0
6211c8b81f2b7134,55f4058e0d12d619,1
b1ebc395ae78ed19,380eef812188890a,1
dab47c0ec18f6e12,dab47c0ec18f6e12,1
5002d11c9d7cb579,e7168d591a14da39,1
6e72e93499e8718f,f62625f5baa43f4c,1
ec8a5228dc93a7c4,ec8a5228dc93a7c4,1
576118ad8adf5340,576118ad8adf5340,1
b8dec5c1cd88071e,d35bca2ec5f9e124,1
9c9395a077afac53,1f2199217f17851e,1
9214662680b33915,756bc2b424e1b89d,1
181d675165a1a3a2,181d675165a1a3a2,1
3941c1147f53fcd3,fe5215d5c5233200,1
b5196e6d1c42254a,3f9d15dbc0c8863b,1
ce97a502358b0eb5,ce97a502358b0eb5,1
b074c584b5afd90c,b074c584b5afd90c,1
547367e32ef9c73e,2cbb1b6fbdccc05f,0
5ea8e66c43efefc3,1067d31cdaf8c24c,0
a3cd064e9e3e270b,a3cd064e9e3e270b,0
2542e07c652023fd,114d65924255325c,0
af80c1900da4bae1,0ebf21c5c93b6b9a,0
9d80c4d3bde42c1e,4f4b96e5a3666121,1
2bbb9be4b2442ce1,15f5e3ea2a8e0e54,1
ba6928ec1594fc61,f2b589c647f399c5,1
38295fa5fe3200f5,38295fa5fe3200f5,1
46e0a5f28c63c829,3e2a8d03d43cb3cb,1
623d4e433d44726e,ef5901983d5f332c,1
b6e4bcf21c474322,424d4a835e92cb1e,1
04f309e804ca36f5,c998cf40273d5dcb,1
e8d8fb84aed46e4b,e8d8fb84aed46e4b,1
0022e73ed32dd454,e29ad5e0005f4106,1
1309a1d6545c8265,1309a1d6545c8265,1
9136bfc34410b272,23f4b3049451bbba,0
5835c769b74dca90,811ba61aa583703a,1
f8333a203760e519,90f12f804f967ab6,0
562f099a34ced117,498000b49bc317b9,1
db9eacb580a0e02b,179ba9ea61400fa1,1
d66c59ea21860fac,d66c59ea21860fac,0
5dea6cdf01be34c0,46cc78740ef0f0f9,0
96e3f4d48d2a847a,df06c93408c7dd5f,0
7b9b385468ee4f41,b7a1a60c06b71b26,1
eb4e0ff979b3d75a,eb4e0ff979b3d75a,1
f1125a24b05735cd,6e6fa2b80313092d,1
0b4a8bcb002cda74,b9702cbade70a0d0,1
e7ba0928d3629739,9b7894f6d4e93275,1
cb0752a8f09b7db1,07fd05e939274d2b,1
0a21201f11256ca4,8e73bea583d9face,1
cfba66ac7ab44fc6,a857b12987b5a846,0
3c5093153a2ea34b,efc21923a097df4b,1
375b9f75574b7f69,375b9f75574b7f69,0
5ba10c43d61d3335,5ba10c43d61d3335,0
0b3e95a949fc1d8a,0b3e95a949fc1d8a,1
235f08d699882bef,5e704c98e4fb6cdb,1
42cca9bbd58e6c41,9c8936f2bb536121,1
110bfd36d17e0665,110bfd36d17e0665,1
e5cb261e01f895d1,42bab040f4f45bf5,1
7ecceca7fc3fbeb3,8365d011a259b052,0
f034297cb06e2dbc,f034297cb06e2dbc,1
bba817393b7e19f5,bba817393b7e19f5,1
f4ed23e2ebe2f613,4ff59c4f8101b401,1
b85ddff995773a3d,b85ddff995773a3d,1
b354df6b2f903473,b354df6b2f903473,1
54f4fb74cac59c0d,b96ef2cb87af4e55,1
a75ace0ce545f100,2792985d7799bd54,0
0db9846be2f2314a,3486982bfabc35cd,1
7ef7890f1e24a3ba,7ef7890f1e24a3ba,1
a704764cd7038633,7ce4dbaf4e00cd90,1
52f225a5523d54ef,52f225a5523d54ef,1
34494587d1a3430d,118486204cbcbfb0,1
4a7bd6ce4affe3fc,d836c692eaeabc3b,1
b15ef3bb1ab2b6f6,,1
9773565a360c4bc1,7d7f811fae700fea,1
a2f1bbb32d450f3a,a2f1bbb32d450f3a,0
15e346fca8321a2b,452096c9e4527c6b,1
cca65d5f8b69bbfa,7431cae61f958d53,1
b7ad122d771d5c85,2c95e9b90f6cef9e,1
cbe27dd0416e3395,bcb35669d9e41d96,0
8e0fa240e01e70f7,8e0fa240e01e70f7,0
54c716d24e538b0c,191aa94a734f0011,0
9009477d82a68c8a,bf02939067010898,0
3eedc5b9aa628449,9ac5546d2c73605c,0
03ca4673ff2ae540,f479f4e3c7d97de1,0
0f2e0e895edb3fc7,a5a88a130cc9625d,1
366b116eda6cea27,366b116eda6cea27,1
adebfef702dc0d33,4ab69cac5ab20e8b,1
7919b3979e0d5e85,7919b3979e0d5e85,1
0681e36c67f7c47f,ef18648d04aa9652,1
3b0e9d846b3f9e74,3b0e9d846b3f9e74,1
d0720f08ec3ef92c,d0720f08ec3ef92c,1
fb2ca6276eb2ffa1,3aba8c3d17544234,1
bf9f83d1fb9a436e,bf9f83d1fb9a436e,0
8fe9ad667cea339c,4c6587e32dbfebb2,1
e0a4959a0ad4206a,da74ad58dd5a9ce3,1
8e9e23785c8e3ec5,8e9e23785c8e3ec5,0
868c99ee3834e118,868c99ee3834e118,1
0960d0c15baa4018,0960d0c15baa4018,1
59377fc44d9173b7,376e9ea1117bd299,1
e630ecea214c06ad,e630ecea214c06ad,1
7aebbcf5f3b25ad6,7aebbcf5f3b25ad6,1
1df7104644ffb03f,1df7104644ffb03f,1
bc27c878bdce1d43,87f6a1336e2676b1,0
04c594a08a85165e,e4e677aa87637011,1
ece67340cc206498,ece67340cc206498,1
419014803a959168,fc5d3b0a89d8e3c9,1
b58e47c8a86b9f57,b58e47c8a86b9f57,0
2697e9c84cb2a9a2,8f3036abda15d136,0
d7797478b2ba65ec,6a6e226250f59c7d,0
cc740560bef6e43e,cc740560bef6e43e,0
a1eeb7c3039ba4ea,3dd1966dfd9bb7dd,0
2c00fc4a72c25a59,b3349075fdcc67a0,1
8ee39a1a2510a213,03a6e1ee457bf7b8,1
5184d433f564818f,18804810e2bb802a,1
70f3c1eb6e0c3bd9,eb13c8467a55e328,1
befae190c7b527e8,9558740484cbb23f,1
4c5fc44e194ad821,227b27f06a67a248,1
acc68987d3563acc,acc68987d3563acc,1
358b94e98eefefc1,cc5ba339788e3335,1
df8d6b910f2a0974,df8d6b910f2a0974,1
1a93f930854ccee6,8813f82389646695,1
5d73a8867439042f,7b3728fc7ba5b6e4,1
88ab56556d22761e,008dbd535938c6c4,1
84b50b69a09dcf35,798a4d6b224af915,1
c3eeed144908853f,86fa6692b5feb214,0
d5990300c316d579,07134294d79754c5,1
e1db5ec90946f738,8239e15bd1da92e5,1
02283a6f97a8786e,02283a6f97a8786e,1
e505bff308f0572b,30768308d6ad8de1,0
434d488aef1ff32a,37fc2b2795376550,0
6f0552bf8cbfe360,efb94ac7a9daeac5,0
3d7d3311b57bda9c,3d7d3311b57bda9c,0
30e976933a294349,30e976933a294349,0
84cd1ac14e2a0e31,d43408f61aed54a9,0
b7d7f37ea54194b4,b7d7f37ea54194b4,0
1edc561f223ecfb8,1edc561f223ecfb8,1
a2ff6ff8635532d3,a2ff6ff8635532d3,1
cab03ab01bb1027a,d4997eee65064001,1
8bb348658fa84cdc,8bb348658fa84cdc,1
eb817bb945387dc1,eb817bb945387dc1,1
20e657a24e871479,20e657a24e871479,0
6940203307ed256f,6940203307ed256f,0
d70510cf91060281,d70510cf91060281,1
cf68692b75de32b4,cf68692b75de32b4,1
6b82f972f4535d73,6b82f972f4535d73,1
7393c60808a6fbd5,b3c28d6f6b6a0242,0
a68cce54f2276f3d,a68cce54f2276f3d,0
ec3673b6283e1022,e0e30d61bff34849,1
79d538e2d9f74751,79d538e2d9f74751,1
0279384d7a11e03b,ecba9d2b9d691132,1
5e6041b02e16d51e,b9c944a77880bf2e,1
59356b0094134b4f,59356b0094134b4f,1
d4623f5b0d388443,53d2616692f87148,1
571e6c52bfe84ef7,571e6c52bfe84ef7,1
fa2e1c0ed125304a,5392fda8c9a3ffb2,1
d503ee829d8088c7,d503ee829d8088c7,1
0b4153219bb21993,0b4153219bb21993,0
f323b66107f47c87,f323b66107f47c87,0
28db8d503678e5a2,98bd388f29e0f421,0
00880d032a403f9b,00880d032a403f9b,0
4d773f3ce3d57fb7,6640eb3b51b2c093,0
28c336f3b1eef689,142728e0575b5cf5,1
52164f06950d60b3,0e495b63cca77052,1
f64fb89c969b55b5,dcc29282fe5c2e1b,0
65c546920b7659e7,4e58e6d733105ef4,1
61409005fa822f08,66405fb922804486,1
5b6950008ed3e569,5b6950008ed3e569,0
039982a9bfad8cca,fff04214200f249b,1
6086a503fcd9eb30,6086a503fcd9eb30,1
1885466c8c2e1d7e,1885466c8c2e1d7e,1
47b3132ea00feab2,5a4f4dcc77146c56,1
4c2d320bdea2e1c1,4c2d320bdea2e1c1,1
5d03badd7ee9814d,5d03badd7ee9814d,1
a76d168cf3f71117,0daa79843ecd3335,0
6d7db0007a33311e,bd3f16540fb965e0,1
945ec70efab104e9,7b8a6ece2698ac03,1
ab4f4365f4273d28,ab4f4365f4273d28,1
10a26adea9e62914,10a26adea9e62914,0
bf6788fa365d1274,a9a04033a2a9e32f,0
895e41802704f231,895e41802704f231,0
ee058d97e610782b,ee058d97e610782b,1
e4ba77f6a3f37de6,3b96abe5a75297b2,1
90beefd332879c5e,90beefd332879c5e,1
9daf5c8cbd79a4a7,9daf5c8cbd79a4a7,1
5bfc13edc5245028,5bfc13edc5245028,1
4aad969a556cfc09,4aad969a556cfc09,1
bf606373e534afb0,1e9f3d1b015e8c88,1
f0bc25dc641b9f34,f0bc25dc641b9f34,1
269d710b6347e00f,9df23db35cc5e45c,1
6761ee12b23cf7cf,6761ee12b23cf7cf,1
df3cfd3bc52ad4f0,df3cfd3bc52ad4f0,0
f5eba9226cc70897,f5eba9226cc70897,1
4e01f02531287fe1,4e01f02531287fe1,1
bd8b0edc04dab0ae,0f45ffceee68336a,1
144928bab200ea77,206af658fd70a7bb,1
7daff8098d240159,123dad7b13986b38,1
741973b93b116794,741973b93b116794,1
0a8d42cba0c771ec,189439a01e398b3f,1
9276058b48bf4d0c,50b7f3423902524b,1
f22c1ac0ced390d0,4514a087e7bf2f5c,1
546d08787234481f,546d08787234481f,1
75bad38eb6bd6d6e,a67c50537d95bdf3,1
1c0530c1bd2ac50d,1c0530c1bd2ac50d,1
f08a3a929e56177d,f08a3a929e56177d,0
f628a350de1a82e7,f628a350de1a82e7,1
19c4d9ea10532a18,3659fd9ad6b19e31,1
331ee9c0e69a0489,331ee9c0e69a0489,0
281694b94ef47911,281694b94ef47911,0
093b95d65ace22c6,9997c15c983edf58,0
cd90a697c6d282a4,178272c652be9b54,0
6c76ec70f3a18fcc,1a9ecbeaf5fd9216,1
daca965d0094b734,daca965d0094b734,0
b53f0d53cc6d6138,b53f0d53cc6d6138,1
c7670c826060c7f8,4626e239e9491f4e,1
0b69740e8728c519,4265617c2eff004b,1
605f86029d786966,8105b79b0cb229d5,1
b44c0669df4aa3cd,b44c0669df4aa3cd,1
7d77f03e75b70627,7d77f03e75b70627,0
fa712005bbf92180,fa712005bbf92180,1
356ce4ce901e6645,9702b9f246efce6a,0
7e1bd74c77ceb8e0,d4942b33edcf58ba,0
99f14f61268fb599,99f14f61268fb599,0
5c30504f1c341a24,5c30504f1c341a24,1
ac48f89c39d3530d,8d12b7ce8f092739,1
e87f5b1b1cad5b8e,e87f5b1b1cad5b8e,1
3a89f7af71db54b3,3a89f7af71db54b3,1
cd28a33f68d1f32b,cd28a33f68d1f32b,1
1c57794dffe63f0f,1c57794dffe63f0f,1
3fb22ca3c8654a67,91af2010eb98590f,1
d1d7a0539d868d5d,a5b48523edc2f1d9,1
63683253802ac0a4,63683253802ac0a4,1
718a0d1d2dd4673f,718a0d1d2dd4673f,1
b40ad9e055165018,84b6db759e68ab68,1
f0da331b6a73fbb5,611ab58c54ba64d8,0
252b0d7e200df987,3caca080f92e30f5,1
9b887ba70a2a3bd5,9b887ba70a2a3bd5,1
6ffae7f5e30aa5fb,6ffae7f5e30aa5fb,1
cd01849b3cc7494a,c36167f291b60547,1
3bd78336ce431e2b,1e5e63b510ba18dc,1
e3a259913f500114,e3a259913f500114,0
b2d9954d5d0b0ade,390bd118084e46a9,1
9b77884bb608b04e,9b77884bb608b04e,0
96788551650602e9,e147f45fcf64b36b,0
492973e71209a815,492973e71209a815,0
8508718baaaac8b4,89a22436865b25ad,0
4103a9361843ecbb,40aea7bc7e710256,1
edd0416e830ee862,8ffc7f986ea1ec50,1
c97b9d410011a653,c97b9d410011a653,1
d8c672c6fe0266da,9ed18017939470d0,1
d629a7cd9b874173,d629a7cd9b874173,1
8aef5e04a5056a1e,fec2ddecf3021ae7,1
fddf1d095dcc5ac1,515a26afc1482d06,1
ef66365de9d318ba,65dd39fbac899826,1
0440c6483929c591,0440c6483929c591,1
aa47752a08637d77,aa47752a08637d77,0
5694c24f656fe50c,5694c24f656fe50c,1
b8e1eda9ba0b308b,b8e1eda9ba0b308b,0
6244c7d26e441ffa,cfb24db49c71fd4b,0
281f158823271e2a,281f158823271e2a,0
6fbbfed4f0cbd2ba,70e76dddd69f6652,1
3b14ba02d2b45519,1a79ebb4de26cf43,1
fb8e8f89db6ff1e8,9c0f252651de7db7,1
49970f40202c0cec,49970f40202c0cec,1
ceb241c7c9465a90,ceb241c7c9465a90,1
fe5f9716e65a4a17,89d356b5bbf2aa6c,1
7a5f3dc27d2c28b1,9c14956fb62b21bb,1
b17385068548ff2c,4c0c544d69174e6c,1
57641c37be2259b1,04640e23bc659b5e,0
5a40d47ce46659b5,5a40d47ce46659b5,0
324cdaad74e12c50,6189a7ff0bfda592,0
7c2e1610b2c13b21,7c2e1610b2c13b21,0
fb170d7633795bb9,ff7bae05aca49ed2,0
92ed8798222caeef,3fee40f77b5d751a,1
b19b781520eae6fb,b19b781520eae6fb,1
cc53f03d595f22ea,cc53f03d595f22ea,1
f5aa380eb5e350b7,f5aa380eb5e350b7,1
e805bdcefa99727d,e805bdcefa99727d,1
13f99d02f8f9badf,006b1777b651d008,1
c0b76344cb50559f,5e69bf277046a1a6,1
0f9cf967c8aa5661,7538576ca2197f16,0
24c02ff39e334733,cca7e5ababf48162,1
f026c812c1fb9511,8f0cd35bceead60d,0
d00da1ec86f36b8f,d00da1ec86f36b8f,0
efad155b18e398ee,99eeabb8a4a5b96d,0
1337e9e40655622d,aebd21ec541d40c4,0
783470186233675c,d57f91f5b4a198a7,1
13d7d32b372f8602,13d7d32b372f8602,1
07f78b55373e424d,07f78b55373e424d,1
c2e373593017a585,c2e373593017a585,1
7f7ad789f4cf0ac5,7f7ad789f4cf0ac5,1
dddb3c55ce8ec370,dddb3c55ce8ec370,1
e4c9789e54e7b1d1,e4c9789e54e7b1d1,1
8faa4fdd57d0d4e7,fe7ca4990567b85a,1
10d013439cf7abde,6e0006b386ba27ee,0
761e003ad4366d67,c7961e2d76735fe0,1
ae5d91094ba864a2,ae5d91094ba864a2,0
b89b3a164ba75843,b89b3a164ba75843,1
6b0ceb3f8f13a54b,571de96ffcd5883e,0
84b60fdfa55035e9,9c4c3545e04934c7,0
8bd420c7b75186e2,18dea81b320ec3c5,0
85963f3ee67bf271,3d442d16a4bb744c,0
44c3924e4277b23b,be3a71162dd288a4,0
80ce1f4ee030f174,1760493c1483eeb1,0
149c9e291d16fcc3,149c9e291d16fcc3,0
f6b950ce0297de37,f6b950ce0297de37,0
1d30d82d5384f98d,1d30d82d5384f98d,0
9dad8107547dc7de,552ba0a82f4ba02c,1
27d15de35c04014a,27d15de35c04014a,1
275baa2bfa98b0b3,f395a659a30bb816,1
94a8d1aef4e8d24e,94a8d1aef4e8d24e,1
e8d567545b9eb95a,e8d567545b9eb95a,1
27f9f72b5823b313,27f9f72b5823b313,1
86573b0c5190afce,a6b36fcf32932aa1,1
fc24ff41954cc9c5,a0928297301e4060,1
0b4c6d205ddecac0,29dffa9f1b05fc55,1
459b6ddf2c3b2db4,edfa09f995f9d6c1,0
38b98f1cd88922f2,38b98f1cd88922f2,1
7f21a28542e40b1e,80b7537eab4f4145,0
7b6e39ed36de1b5f,f2b32269b46a4015,0
97ef1440f00687df,97ef1440f00687df,1
2cf4a6a72a8aade4,551fb30b4bbea4b9,1
35bc2465a0ee9bdf,ce3723faa6339934,1
f630b2586e933012,17695e054e07a7dc,1
5ead3959eef5cf26,fa1277e5dc089650,1
836b20ff817b1dbe,114cd3ab8a32aef7,1
eefac535f945f8e1,eefac535f945f8e1,1
24acc03934cb256a,12c3df280a4dc1a2,1
95a07493b742934b,95a07493b742934b,1
3e87f6b0912ac9a5,e62a4cfa2827ee57,1
e9301d16aa502887,593998f67addfc9b,1
2502428fd017b4d6,2502428fd017b4d6,1
86600aef7a882c05,2fbfa51026bca5c6,0
e05c06f377876d67,2ade32cd025de623,0
621b053ac263e019,72aa6758f00c3731,0
7b4478ea8e013d41,a0790cad13456df4,0
97824b9a0cb55616,97824b9a0cb55616,0
d93a2f12ae3b9350,f52afd3187c06fd6,1
eab3864bde380157,eab3864bde380157,1
4564011efe6fe54b,4564011efe6fe54b,1
7bf4d2db047f6ed3,6cc2258543ef93c3,1
e92bc39cf7ef3dd7,e92bc39cf7ef3dd7,1
aab79b20939da91a,aab79b20939da91a,1
f2c7f5cb1ad55d4f,e956b78c65caafd8,1
25fe05a7efb24377,28a4b19c0d69277a,1
9a11fb7388d7890b,9a11fb7388d7890b,1
d1a8291468af9140,d1a8291468af9140,1
fb55388b531e2dd7,536f975382c4da53,1
4b28e39f9e8e912d,3831f9d20446d6a7,1
b239a9d885879671,15f7dd52cce61a41,1
afd51ae6f7f288b2,afd51ae6f7f288b2,0
8ef3923176df66c5,8ef3923176df66c5,1
855851b6aa090103,855851b6aa090103,1
dd9caf4ad949c9a9,208606f840a0b0c0,0
c3f274424d5da98b,d3c39be3d415de40,1
636c28bf3bee28aa,7e6f4b1a5bf55839,0
09bda3552332d18e,,1
c92d4c90ac2a282e,c92d4c90ac2a282e,0
29a3e1a0f4b99833,29a3e1a0f4b99833,0
efac0d6950b3df20,0920d4447454bb65,1
29b80ba79c8a4810,29b80ba79c8a4810,1
a0185bbda073d004,a0185bbda073d004,1
db29f8b7177d7886,db29f8b7177d7886,1
b674433a50cc6c07,b674433a50cc6c07,1
15bd212f12b17088,15bd212f12b17088,0
d1dbc6df4ab5b050,828d65db70832d72,1
ae5ca71457669c23,ae5ca71457669c23,1
8a19fcef4c764187,8a19fcef4c764187,1
b308ce9433a00ba2,8cc80555b8d2bfba,0
11bf3fd1c5212b66,460e528429fca743,0
4af50de5c28722b7,b0728416d63a5f23,0
c1084ecc8a918763,c1084ecc8a918763,1
04f4b3e48feaa297,514692c27f065e38,1
80e570c8b2aa34b5,80e570c8b2aa34b5,1
d98f28871c39abd7,f3eebbd3c89d442d,1
bbba4a078e15af22,4d646d5ee3c812a4,1
2b87907f4dfdd023,0e34fc07d58e190e,1
33462d05f29dfc91,c920affee9bc02ee,1
bcfcd04213acfe00,bcfcd04213acfe00,1
b6e9f814210d4796,b6e9f814210d4796,0
82ee28941d6a4347,07ba5c6f0d08deb0,1
f235ac97cee87c71,4d814f6f0405a153,1
2a2693d71c92a5a9,2a2693d71c92a5a9,0
926a632f79d74b61,8cbeffe7900ead28,1
7681099171628f1c,7681099171628f1c,1
c1c70960eea38329,41a2a27350bb41ce,1
ea1f59be8ba31234,978158f909585b58,1
1577f0a9f0213784,1d563577ae49fe9e,1
e0467e41b8d9b024,a5c614f86483857b,1
451c1ffd65c971af,d34ba1f34a008eef,1
6e13ccdc7dc554ac,6e13ccdc7dc554ac,0
3013be01d8ece431,9d5311a43435f350,1
e2736bbbd612abd8,e2736bbbd612abd8,1
e58e2f1a92f283d7,e58e2f1a92f283d7,0
f2b21cb051f9970a,f2b21cb051f9970a,1
587329626f90922d,677d25cd3d54de0f,1
a5f11c7598d75b47,cffb64d46d9f3195,0
e7edf83e7e0f01d8,215f477098f49221,0
b5cee31b1c88d31c,25b93f4f434f52ad,0
9b898855c043b1e8,35f7d3a6c439c1e1,0
5f8c39fad597cde2,5a5cec014d731b65,0
7e43eb016f7a7df3,d7502dd5a6593755,1
d9981539386479f2,adcd212329dddc66,1
d4ce18b13beb6035,d4ce18b13beb6035,1
08942b04c1d448e3,7968d6b37501afc4,1
f656b68790644a38,26bc44ae0f9f1549,1
17f1de8be863a871,8d3c0de226c9e803,0
00a352f2366f4cb8,00a352f2366f4cb8,0
6749cadf0ede888e,c0dee528992a4bcb,1
cd4e0df5820e1926,c3d01bfe67f5a9b6,0
733835c863249a1a,036b3598429bf0ee,0
b45c1da7f74b12c1,ed5094f2b35d82b3,0
b67f6a975e6f3125,b67f6a975e6f3125,0
29bf77456cff1465,7a8164ac9fa4a1ff,0
25718f6bee49ee3d,26c65862171e8940,0
b9f65d696211a96a,3586d39f136537ff,0
0228b2e14b1e6949,ce02bef35ef2b732,1
a9b61ff9bfcd6d69,d7aa59dacfa1f817,1
34e26a1cb18f0320,34e26a1cb18f0320,1
430303688eb83345,430303688eb83345,1
77911522c72a632c,81d966df385efc0d,1
a4f685ace0eacf79,a4f685ace0eacf79,1
a3909c635466d6a4,a3909c635466d6a4,1
5750d74245e7ed5a,f98b8505b85e8074,0
16862c4cb5b76381,16862c4cb5b76381,1
f8b3b06ef720fefd,f8b3b06ef720fefd,0
e8d76582b6b5ad70,7e2a0d0cdcf36f67,1
b638dce40dd58303,466288913515ab3a,0
dbbd451de1c256b8,b29145084545a97b,0
a997132692a4cf47,a7f883ca35b4c53b,0
ae363925198a0a6c,ae363925198a0a6c,0
998db4985cf137a0,65929dfb6b5d22cc,1
5174ac7ab4cbc602,dceef6409df2706d,1
eaafac934b4b87d4,eaafac934b4b87d4,1
a6c657ec52e1f162,5a148592afaaaa2d,1
a15a64b3c8fc18fd,a15a64b3c8fc18fd,1
e0fb5fcd2d3d8f09,9de2d1ba1d5e7469,1
ea06d6dc24d05e7b,3bea4cb4607a2e4c,0
65164e562ef06f63,dcd34be916b5ce7f,0
bc237ec1db8088a0,638486198f39e4d1,1
442223897376a225,442223897376a225,0
5e3b97738204beb1,5e3b97738204beb1,1
be3ff0b2443f3ab9,be3ff0b2443f3ab9,0
5e1d7efa98f2115b,34b7634a5a5bd52a,1
3a5f9c09b037d4d8,4421ec608e665ee9,0
4a610d70de9455ab,4d5ff85f5df498bc,0
8c1ca704f2b55b9c,0636d21ad79821ba,0
0d531fa7219f185a,781b2ac26fdaf291,0
3841b62e3b17e86e,2e4f99f969ab4b44,1
f950ece52187b529,b0d68c44b432ff67,1
cb200fe667c9e5c2,163a53a0f371e5a6,1
cdd55a4ae17cd777,cdd55a4ae17cd777,1
f43a10833b45e27a,f43a10833b45e27a,1
d03d050f9e371b3b,3321807f3bcfed2a,1
6636ab60e76ad3fa,d23fb6bd522f5ace,0
823caf8cf4afca7c,23815266f9e5f1d9,1
6590e90b9be71987,6590e90b9be71987,1
8432d5e74a63a36a,16c7c08c62127021,1
ae82c7749fef1b9e,ae82c7749fef1b9e,1
8053fcc6486e555f,66349246118f7671,1
db547d228a376a8f,db547d228a376a8f,1
9a5744f95e1c1720,9a5744f95e1c1720,1
e2aaa237ff778450,e2aaa237ff778450,1
38af786919aa3132,38af786919aa3132,1
0da8c0ec8c605650,4118e7eaf9e68fad,0
d6c5ce69294b9051,f7b19470d7784cb3,0
3c2f0a4d4b443112,137ad1a08738948a,0
5024244b2caed893,983d3618cf732b08,0
a05be1b3aedf0ce8,,1
b55292516173e640,b55292516173e640,0
a5531e817111e835,4d78cefc94bdc5bd,0
b1bcc00227f8e705,b1bcc00227f8e705,1
5db6ca59f5d96412,3f032f90ccf51eee,1
a9a4518dfd9b7bef,a9a4518dfd9b7bef,1
efde18b8e7f0f257,efde18b8e7f0f257,1
b7838f799ed83520,b7838f799ed83520,1
9e07cfbd88157d2d,5f12b18b7301f9c0,1
fbfa639ac53ebbd3,fbfa639ac53ebbd3,1
385d694cb164d508,1a982c6e118a3d00,1
6c2b235b5c406bfd,697462d88c5ae88d,1
94e2e4e20a8da02b,42276072ead978d3,0
acd607bacca83f26,acd607bacca83f26,1
3dc9aa4088ecac35,2bbd21102ff8fe1d,1
3123739d534a7bdc,4f3503c6d94ca383,1
b829ab303b19270e,433249eeb50d9841,0
50e268a83146e85c,b61e1a6ae5b37862,0
08a4b1328d490d77,08a4b1328d490d77,1
89e6d97a1c05e710,89e6d97a1c05e710,0
9786e84ebe3a4ab3,9786e84ebe3a4ab3,1
c7897246c7dc20c9,c7897246c7dc20c9,1
57ebf224103f408b,ca188d84d752eb23,1
bc20bd9926b7d7bc,bc20bd9926b7d7bc,1
fe5460c5b8078602,35c1c4fcc9086bdf,1
1e56222088a984b9,8e5392b68c75a129,1
3bf226a2253a2cc3,c951e11cbc0fc0df,0
1cf2c960d001bf34,c880a23aae12261c,1
73c2be858772c7d2,3305505572fcd62b,1
d33647c61ee0f49c,d33647c61ee0f49c,1
0ef73d95450fc79a,4048ccf216bd22fa,0
ade0fd34a81b6b6b,36db14fd3a8f845f,0
fc671009864abe50,f751e8e0787536cd,0
13b7ba2c7fdff66e,13b7ba2c7fdff66e,1
6aa92d98fbb2ed80,fddd37e4d5e83ced,1
db2435e509fc38bd,76c2c759f9ab1022,1
34ad6145ecb784d9,34ad6145ecb784d9,1
ba0658908fa0255d,c6f1bcb1a0444e2f,1
6821614e13786c1c,6821614e13786c1c,1
43cb0e03df1f585d,43cb0e03df1f585d,1
dc8fa8002017b15b,dc8fa8002017b15b,1
15a5d20db7c0153e,15a5d20db7c0153e,1
c578d2409e85784e,c578d2409e85784e,1
294a39863e1a11c4,db6db83808b69ae7,1
581e1e59ab3dbb83,581e1e59ab3dbb83,1
58ac6733163e3182,688bcdb6ee208e39,1
a4b4ce9696a6e64f,a7ce285e478e1b32,0
005bc0632ca4464a,005bc0632ca4464a,1
085888fc8119f7a4,d953905df84c1985,0
04a3232a5e5e43c0,04a3232a5e5e43c0,0
1be53440d7194364,1be53440d7194364,0
0a903b23ed004279,0a903b23ed004279,1
8e34637be4faea19,188389a0f607d932,1
9f89e890f34a6fae,32465332c4169c90,1
b9d6142630c71986,b9d6142630c71986,1
7dd4da7df767debb,7dd4da7df767debb,1
b56fa01174de123e,a324db4222296c55,1
2687221a330b4da1,2687221a330b4da1,1
99768fc48fec5aae,99768fc48fec5aae,1
f73e51f70721e916,f73e51f70721e916,1
1ba5d9390d319eb9,1ba5d9390d319eb9,1
7a93b63d8aa30c9a,7980736be5aeb068,0
cf1eee7716555026,779a9424361198d6,1
5badb4c19aa7fd79,e68f8333fe6941af,0
12f75a0f96b0c19a,adc9b97e862410e6,1
3fa970de476734cf,21c8bd8161d327d0,0
238e4505ab4157f0,5ae5a7c8f1694ef9,0
e18da600070d9ed2,e18da600070d9ed2,0
b9dc3bc8b5f213e1,b9dc3bc8b5f213e1,1
cc190e23035a4b41,cc190e23035a4b41,1
f4efc9c145be69fa,1aa11e7aec0818e2,1
bc3bd7febd0de9ca,bc3bd7febd0de9ca,1
0260c32fc4e20fa8,0260c32fc4e20fa8,1
98e407d3ed38099f,98e407d3ed38099f,1
aa498e63ac30f8f3,8567f45ec8fac36f,0
a4d622291c3fb093,a4d622291c3fb093,0
e108a132ee85f1e2,5e5555569c7755bb,1
d26838bc06f6e487,d26838bc06f6e487,1
53401f66e3508a3e,53401f66e3508a3e,1
53572acdcc5e93ba,50727fd9570663e2,1
babc5349bcf73d1d,babc5349bcf73d1d,0
6240c23a449252cc,6240c23a449252cc,0
302ab5921e20cf37,302ab5921e20cf37,0
bb73294d9abe2118,e6a100ca020034f7,1
9a4b390eaed2479b,9a4b390eaed2479b,1
2ef7fa65d3cbb5c5,2ef7fa65d3cbb5c5,1
ff1cb4482eff4049,ff1cb4482eff4049,1
983a796f2f477500,983a796f2f477500,1
202f63d9b6fc4012,202f63d9b6fc4012,1
964c8c34b6169f73,964c8c34b6169f73,1
63e5160d99d2d649,63e5160d99d2d649,1
e042421fb9521061,fcd5b31e8b3cc012,1
9a9e089c08d81ed0,52e4f522c9385445,1
171245e6590adf67,022ffb72ec41ec42,1
1fdd88e4842c494f,1fdd88e4842c494f,1
c6420e8939ea84f7,c6420e8939ea84f7,1
8620ba168b8d50bf,8620ba168b8d50bf,0
0bc9326f35f5939e,43acbad0004f9b2e,1
fe358e9593bfefee,9f3acd7ca8cf90fe,1
85a0098fe17f0dc4,977309d35a3671b5,0
5fae4ee4795e5eae,5fae4ee4795e5eae,0
b95ea7f0b492103b,abc5448f54fa8f22,0
ea257774d58888cf,5907fbc4109912e1,1
cabd700cd9d9a9bf,69624ca4dc2ac104,1
13948d62bc504c2e,041beec5f1b77b27,1
0bee8bf38aa3018b,0bee8bf38aa3018b,1
b8184b015df772e7,b8184b015df772e7,1
544470931e2214cd,544470931e2214cd,1
cc781b14ac172142,e4c0b04b80e6b2c9,1
4aaaa869e475b645,4ec797c76ebc8b2f,1
3d6c254a656ac27f,3d6c254a656ac27f,1
7feb366a119104a2,7feb366a119104a2,1
47aeed5f52a01d0e,47aeed5f52a01d0e,1
d569f55a74d86c3b,d569f55a74d86c3b,1
96c78af0ab82bc69,96c78af0ab82bc69,1
0ddcf1bcf0fd3c66,0ddcf1bcf0fd3c66,0
77ccfb0d9c1021df,77ccfb0d9c1021df,0
7fa1fb81961893f3,3ebdf90d233b1e27,0
78cd1faa03ad5b62,47f26d2db55ea873,0
4119cff8cdf4caea,59d74a77625349db,1
f4635bbd6d29bc65,f4635bbd6d29bc65,1
1e36a26793a854a9,1e36a26793a854a9,1
8e4d063e92709aee,1ae3ff897b987cf0,1
f6ac4523b93c1870,0b1135e79d3dff6b,1
7a1c4f68501013ca,81ef5b9510ff8d26,0
a2ad7df7d60a176d,839c2937220e23fc,0
9acd8bd2fe4c7148,9acd8bd2fe4c7148,0
b7b894cca7c488a1,10b55c0e3e9ff950,0
5d283be41eeaae0b,5d283be41eeaae0b,0
37d911fb8bc355ab,a263ab74c5a0ca80,0
d77138e0b0b0b82e,34a803d6ddc2b9f1,1
c5ccea5b2b4e99dc,c5ccea5b2b4e99dc,1
24bbcb1868258bec,24bbcb1868258bec,1
a6d518ee3a61422b,389b4fd9decf23ff,1
af3e1b13876ba776,9e0d77f5729da576,1
2d33fd37638d3b62,600ffdf521b99555,1
ed4efc7233819e33,ed4efc7233819e33,1
cfa85cf15f90fa90,ee67029bab3ac80c,1
d0f37dee24bf0b20,d0f37dee24bf0b20,1
349959374a0461b7,349959374a0461b7,0
20a22a70d1f08c77,20a22a70d1f08c77,1
844bc88f93dd26b4,844bc88f93dd26b4,0
6e0ccad6ba0029a4,2fb8c6a316628434,1
9fc62a021b704733,0e2964c77992292d,1
d0ac540bdf2b6eb9,d0ac540bdf2b6eb9,1
ea375d3db4b0413e,ea2e4ed7f118ee8f,1
965860c7b19a901c,965860c7b19a901c,1
96f3fffb9af76158,96f3fffb9af76158,1
09642356fe610312,09642356fe610312,1
383baf27671c50f0,383baf27671c50f0,1
d56148d97cdbb1ee,0efc3935928d5683,0
854805c681889df8,48df7902b851d29e,0
4be3aff511bf09ea,4be3aff511bf09ea,1
dbceed1eef3a9b17,dbceed1eef3a9b17,1
b6bccd44547ce44d,b6bccd44547ce44d,1
ecd5adfc6923aecc,ecd5adfc6923aecc,1
5be73900fa1f5ff6,5be73900fa1f5ff6,1
54dc213a5707cf06,6ccfee824b2faeb9,1
8c5a3971980c5fa1,dd4a8a8e0aa7b56e,0
730a67cfa33c01d5,b2c79fc38494bd43,1
8fcde5fa637496f3,020d135fe2f8ac9a,1
6af52f2bcfeeb99a,6af52f2bcfeeb99a,1
330f6ddb882b2af8,47b01283361ac70a,0
62e594f695d22e3d,62e594f695d22e3d,0
19a2e281a0c02dc0,f49ed32291c0c870,1
7d1851a7992f1f70,c226ba2cb4c1f89f,1
b87d92d9b4ec6295,b87d92d9b4ec6295,1
aa1b182f7269d4f9,aa47fb63262dd101,1
47d812de8756bb9e,2a9e7cb33a8c314d,1
2a9ad90d76ecdc77,b9a9f16281fb1517,1
fe7a705a2d1f6293,a5a3319954a9e1bc,1
7225a642c5f62926,603850ff88beddd9,1
c2705c3da44c4f63,4f1d70d1dc52eec0,0
ab84e132d8770649,ab84e132d8770649,1
f25d416f823183b5,f25d416f823183b5,1
469e18b8c71fffb8,ffac0a2f2f4be0ff,0
7e3d70c773834335,4b86760101e23b42,1
8e30c3d2faa01988,8e30c3d2faa01988,0
a41c480c85d66749,d77788097d2716b9,0
4e0cbd9ffa5fc681,4e0cbd9ffa5fc681,0
d4503123dd03e0ba,fbe85a0628a5a4e5,0
dfffb708a61996bf,1ad1b294020d38cc,1
f613876fb91a6076,6e3fb0f7dc509fb0,1
123ffe8f7416422a,123ffe8f7416422a,1
ea728587062ecb0c,ea728587062ecb0c,1
5a4cc2f2742f7a3f,7fd82b75f994510a,1
244b44fad5d77063,4ba3e516b4d3a12c,1
a456ca8bc7e1273e,43169c81c0272a5b,1
08ad6b14e0c5b3f4,eac253f0028c8a56,1
a48d151b518770c2,ecdeae5ec3fef71a,1
e60a67cb2d576ad4,e60a67cb2d576ad4,1
0edfcd72e106cf59,85d7b5d0e05c8624,1
7adeb5e75b860dec,cda0d4d931454982,1
8e4882aa901c22a2,8e4882aa901c22a2,1
02c56c946cd7b679,48f2428e49604c57,1
f13b7e055eb874fc,f13b7e055eb874fc,1
3c0937de588f313b,3c0937de588f313b,1
955de94a588aa997,424221a29925af88,0
9b14eedd184e8f20,9b14eedd184e8f20,1
9ebf3472f0b0c890,9ebf3472f0b0c890,0
1813a36c67923078,454fea4164453501,0
d4105aaeb4fb3676,fbad4664be2179e2,0
f59aa48d9df8e560,0999fd176f6c54dc,1
c170a422f3297bd9,c170a422f3297bd9,1
339941ca0919616e,339941ca0919616e,1
5793a86384c601f8,5793a86384c601f8,1
29f227cc0d2a8bac,29f227cc0d2a8bac,1
04c90ddf145bffd7,04c90ddf145bffd7,0
b078b3fa17482292,b078b3fa17482292,1
3dc5c240161ac341,3dc5c240161ac341,1
7124a5724a4ba875,399f465c78b6febb,1
3adff1a4913e1148,14ff88500ba70c8b,1
312979669874b55f,312979669874b55f,0
a254490aaf7439f4,a254490aaf7439f4,0
2077341f44418e99,2077341f44418e99,0
2e8dac232a28e8e9,2e8dac232a28e8e9,0
6e13f6a73e8048ce,810c04c2b5777e46,0
aa7a6c7287241071,aa7a6c7287241071,1
e3797544c1ba5851,e3797544c1ba5851,1
66b6770c32ae9d10,0d6ef91309f543f8,1
6b06deb8b223cc70,6b06deb8b223cc70,1
adda28efd638e132,adda28efd638e132,1
cf4258519c047229,5b1b55a48c50c3c0,1
18603a0d20f54acf,7d1cd13c46afe556,1
f6aa52bc84fa0cd2,f6aa52bc84fa0cd2,1
bf8dafe1afc7f836,bf8dafe1afc7f836,1
763395c0472aebad,92aa6e78df768fa6,1
9392956b3de390f0,9392956b3de390f0,1
ec3067cb6bd0b07e,9bf347fba9e4e9e6,1
f38005f00bbff464,f38005f00bbff464,0
9f3e20e6af04da15,9f3e20e6af04da15,1
230fd030f87961fd,cef8184ba5e3d5ba,1
0bbd7e29c51486d9,0bbd7e29c51486d9,1
eadfc8ad6da4cf31,8d5d0db3e817c829,1
6931c04f1182d5ca,6931c04f1182d5ca,1
3798cc0cf8672cc9,3798cc0cf8672cc9,1
08f504f472fa91be,08f504f472fa91be,1
3923d6643edfe247,3923d6643edfe247,1
3e190a04e0c4cbce,3e190a04e0c4cbce,1
7d5d31628f0fd793,7d5d31628f0fd793,1
69781d1d6a9f66be,a9358c1ac214597c,0
4fd50955e649abc8,8199534d7b74a420,1
a3582b80ed6be7ce,a3582b80ed6be7ce,0
4ad26c0e47f871bd,4ad26c0e47f871bd,0
529bbcd9589454a3,8ef9146725d05a47,0
49a503ea31f07b29,3467df6bc3984c08,0
7ae762427825ddf6,d286a7d9ff07cad5,0
3e700ea4e4d72425,3e700ea4e4d72425,1
368fc7a209e7523c,60c485f67c03ff11,1
2514ce3a31d77393,2514ce3a31d77393,1
11cb059bccd6170b,11cb059bccd6170b,1
6378fb6dbd03c6bb,6378fb6dbd03c6bb,1
f711ad16a39dabd5,3dfc9d3dd4d651a1,1
825c19a9d1117c56,825c19a9d1117c56,0
21426af921ada7f7,de1b92d92f3da1d2,1
24564d05eb20a370,45a8dea671a66ba0,1
d67046a168d18ab7,d67046a168d18ab7,1
dae042232484ae67,dae042232484ae67,1
f7a97635d205b3fd,a8589517f1bfd7ed,0
71f554469af79446,f940a0bcd4d406c5,0
205c03ca945573c0,c2048b2e82aaf1ea,0
e4ae751239d5110f,6118e99e8bd67c84,1
6be6caf8da0293db,f2eddf948b46b3fe,1
e84f0a8d2095d80f,e84f0a8d2095d80f,1
96354dd3a00f2309,b78c6dbcbbdd5ad3,1
0f7a1f672c2ae493,69c2024a2d16ced1,1
cf15468189aacae5,cf15468189aacae5,1
7179572991df16a7,7179572991df16a7,1
672002a892110914,672002a892110914,1
164bd70edfb8dd7b,164bd70edfb8dd7b,1
52fd1cca10193e3b,6f5030e010fafc65,1
119b89b8e8247a69,119b89b8e8247a69,1
dfb60f769eb9ed71,b1d4ce78622dca49,1
1c687315e00dd8e9,1c687315e00dd8e9,1
a3e8e82fe45f362a,a3e8e82fe45f362a,0
ff048514a1f48900,4407c41833352855,0
550b7c4dcbb3bcd9,550b7c4dcbb3bcd9,0
8a87c2c8a1564933,ff5e8c688baf0f7a,0
7b2d693d2a7ffc1c,7b2d693d2a7ffc1c,0
8eb043d05aec15e0,8eb043d05aec15e0,0
2c820364a0137f80,2a9da65c728f16d0,1
e0820e2a9e72b2bf,e0820e2a9e72b2bf,1
45ae413c4069eba6,45ae413c4069eba6,1
f34479753209497b,081bb759197785f1,1
ed88af88935fe6f3,a8ab75bc0fad69b7,0
ae8b14dd8a278908,ae8b14dd8a278908,0
2fa83e17c6b591bc,e58df7491b90fdef,0
c5c272abbdeca0bd,c5c272abbdeca0bd,1
275bece1179b2323,275bece1179b2323,0
a7805e9222f5b4d6,d8ab0e9b29d5d2c2,0
9286b086286a083b,4397f39a7b6442bb,0
3972f2eaf8222c7f,3972f2eaf8222c7f,0
aa80c4da4b291201,4df520bbd4f7b152,0
462b58c439b81aa7,5c1df4258420f9b7,1
1c8fab2279acb581,4979cff96c579e8d,1
1455d909eebec9b3,1455d909eebec9b3,1
4a2ce1bbd005f48e,8265d05fbeaf77fc,1
e00fe35a55207ada,e00fe35a55207ada,0
8595fd70cf104cf3,0c5ee7d2dc0f62ae,1
fff851f790308a40,fff851f790308a40,1
4892a85db3a45155,e50abf8ca6d9c112,1
af3ce10ef51a71c6,a512cb7d05f252e3,1
f2d48a7fdbcdf242,f2d48a7fdbcdf242,1
eea0572f849969e6,b35752db13138699,0
3fb05a81f462c7a8,3fb05a81f462c7a8,1
350794b8d9b61d5f,fae686d9147178af,0
10a8432366b82b8b,35c72c5eca5f7361,1
c68795217e12acc3,c68795217e12acc3,1
bca2e7de1e87f235,d315879905b5a9dc,1
ef2f01a646028fe5,700735b1f399e8f5,1
ba3f1563234fbb4a,59861626661a4b6e,1
c1dce230416fdd39,5addc67d86e9af99,1
13c74409c00f3c75,13c74409c00f3c75,0
bf30d1c0ecc70aab,08f4af7893c0cc33,1
243c41c3c3b78528,11ddd486a65fceaa,0
e0779d2135e8353e,ad997de851c29065,0
6732fca7ff46e913,173a780ba81d1579,0
823f80374ba9f371,823f80374ba9f371,1
103b233bbe36c407,103b233bbe36c407,1
a5830ef9d9b7e330,d3be36acb78d0564,1
663c2f5ce6e2c64c,663c2f5ce6e2c64c,1
a8b47ee99e8991d1,a8b47ee99e8991d1,1
8e04527ac9c39283,37843546abd45627,1
fc832afa5a86ea17,97ac3f1ca7b0f315,1
c793229940798be6,c793229940798be6,1
0c15c6dc434a33b8,0b5155ad13693b4a,1
0129bfcb7ae0ea81,082c3054e923b54c,1
4c0ac7c954e0b04d,c0a8bb5f446caa3a,1
d79c79d42198afbe,d79c79d42198afbe,1
4bc8af8c020fd5a7,4bc8af8c020fd5a7,1
e7f27f3af9322bfb,c04396268b8b7454,1
f56866bd6fc74d1a,1da5e1ab141a2ae7,1
734ae473205a88ea,734ae473205a88ea,0
ece27b02646cac07,ece27b02646cac07,0
853acf693733ce59,42817de199d3a9db,1
d1d107f97bcc9d58,309fe41020d247b5,1
83a4a2306eb2cf5d,8476671661733456,1
6f35119bd584f523,6f35119bd584f523,1
c52cac0cf412e369,c52cac0cf412e369,1
21dc34732a91c170,21dc34732a91c170,1
4c9621900b75e118,4c9621900b75e118,1
94d85de98c3424e8,94d85de98c3424e8,1
b271d21351bdcc53,b271d21351bdcc53,1
fb661c8f8f5db8d4,fb661c8f8f5db8d4,1
0daf767997155be5,0daf767997155be5,1
c83ffd2e8195aa27,252e301a8713f46a,1
66617c9456590a33,0b4a6a9e2ab8b7ab,0
d7886dff1f42a688,987d44edb748c149,0
da05e8ddb7d3a597,da05e8ddb7d3a597,1
7ce3fff157c293a9,31e3360c1c34d6b3,0
10024c69aa0cd6f6,10024c69aa0cd6f6,0
d6b29d2f2bdeed9a,d6b29d2f2bdeed9a,0
7f4695a2092b2277,2900da349cb092a4,0
d29b3bc255a12920,d29b3bc255a12920,1
3d9ee2f59c211cb4,b7f334d47197394a,1
6f8964e5d3c0e877,98de607626052d08,1
38b6c3f63c585412,38b6c3f63c585412,1
78f5c3042968fd4e,16642bdaba5660d7,1
c23e201e686f1d2b,c23e201e686f1d2b,1
d02f73793e500220,d02f73793e500220,0
b776a592c9cf3e6c,ddd77c068d746542,1
ed58fe49f21a13b7,4d7711600d78e38d,1
623b1fc44916e7a0,623b1fc44916e7a0,1
e76ada55e23ec57a,6e04f11915a5746d,0
6667bd07a0353a96,6667bd07a0353a96,0
f8a2437c20aa1820,688e3c2e8f9ed6a0,1
e38768b466e07bae,e38768b466e07bae,1
f4b7306c98100a3e,f4b7306c98100a3e,1
fdb1947835d6e14b,eec3195c2b680f91,1
c225c088b2a7b88d,e3a500e327b6bc9c,1
23f50d3716d4f5fd,40b198a9ef72f244,1
0a98f2833113c1ab,5689bd6b3d43dfd1,1
1c4d5299c2213744,1c4d5299c2213744,1
00f288a22733c938,00f288a22733c938,1
855ef34a750eb7b4,855ef34a750eb7b4,1
39aea4ddc2df4e31,1a744372a8a040da,1
de44a3c14a6b6bff,dec31ca5800062d8,1
2bf50c96fde6d0d6,09ec31d5d798d257,0
35525553303e5460,35525553303e5460,0
9212882a69d6ce14,a04bb04ebf3a2d21,1
9ba7172e5b1a47b6,d4068a365a268c9c,0
9b8816989654a31d,9b8816989654a31d,1
c7f6db72379296d3,0e176de35c7ffe2b,0
ca3ba82c561ac730,952c36f16c0d3937,0
ed849e8f593a3e6e,ed849e8f593a3e6e,0
6bc3ef9f2bd986bc,54f1cad846a135e0,0
0d7eec4678a939a5,f4d6ba5103785ac1,0
c54e65b27238a7c6,c54e65b27238a7c6,0
167c8fc06fef6b8c,a2ed8665af408af6,0
d825556d9f0f65db,7c36f1de4c54b256,0
7db7d12dad0a2725,14e451eb4cb45a31,0
3d5341e92e8e5ac6,3d5341e92e8e5ac6,0
33158e87a6a74055,33158e87a6a74055,1
ae0ec230ecdfed28,ae0ec230ecdfed28,1
0fa167cb9cbdec05,0fa167cb9cbdec05,1
5c4bdb949e0b2fa6,5c4bdb949e0b2fa6,1
e8bea02dfeea975f,e8bea02dfeea975f,1
b9568254ded217b6,b9568254ded217b6,1
cc440bd07a910ca5,ed445e6982ccc9c6,1
df82ba979b135c03,662b2677d33ec27a,0
8367c838a7ec97b0,99348bc38902d962,1
09c0bdd900498ef5,bff255e41a321ef4,0
f84331586e8323d3,2312f317526226fb,1
877f9b9496e4a29a,877f9b9496e4a29a,0
fac2731e3328bb23,29d15336ec97709f,1
65c4c71992198cc2,7e0ef42f11e86409,1
c4f7734d2e8167ba,c4f7734d2e8167ba,1
1dd63120941c0b08,1dd63120941c0b08,1
021ca5d3a903a97f,021ca5d3a903a97f,1
6bf786f68492fc93,6bf786f68492fc93,1
f86a83e8ba87e76e,7b44ee9f42cfe0ec,1
9353ed8ac594c316,9353ed8ac594c316,1
33e6f77f0752a625,42a912fa1121b475,1
52d1f46f5de1ab17,52d1f46f5de1ab17,1
b56da52f8dc7cd59,5f8ad67173ab2e38,1
5e502c0f4b4a5dd8,bba829f40d140f7c,1
aa5ffbf39533f9f2,aa5ffbf39533f9f2,1
e5f8d70666c58f74,77962cc58113cee9,1
5f17f737bd50e785,5f17f737bd50e785,1
94d15436ccbbad94,105626c2f6d2c3f6,1
f9c7d6c72939a040,ede3db9f655e7a74,0
260876fdc615644b,260876fdc615644b,1
c0de582909fda19b,c0de582909fda19b,1
4e3e3ac6bd775907,894a29991884df17,1
1b96f97ea5e232d1,1b96f97ea5e232d1,1
64417805c2232508,64417805c2232508,0
df41f9503a53a961,cda90d134a41cf01,0
1e7a3453e4a7d5f2,1e7a3453e4a7d5f2,0
eff86076946764ab,eff86076946764ab,1
6efaafdf5ae7d745,6efaafdf5ae7d745,1
91ed3565fc714eba,b579242b2e96b42a,1
8bb509af3e0873a9,8bb509af3e0873a9,1
d8f699e8a88789b6,a8b480aadbb746bf,1
3740befbf0901266,3740befbf0901266,1
fbeb3ef879708867,fbeb3ef879708867,1
72977255168dd09a,72977255168dd09a,1
78823178e9fe2cbf,3205c4e3d62284ed,0
311dbc630a16f9bc,37eb3410e4066b4e,0
222407efd047aa57,b83731dbc70d357d,0
f391979639790669,f4fbfd35da8cd0ab,0
36ac60420da24f28,2a583f8f6b787306,0
d2b0086ab9c04766,d2b0086ab9c04766,1
695e7bd2545db9eb,f1f9776a70e5c10f,1
4420fa3c762cfc3b,4420fa3c762cfc3b,1
e537e6d72ea629aa,51e8eeb21f4997ea,1
1ef842b5220944a9,19628ee735b14e81,1
3a83c0f237c3c972,4f7d26d95b3a3505,0
663a9661ab7493e5,e8d730656133d629,1
8bd3203720aca3b0,8bd3203720aca3b0,1
8ea10d0492df59fb,ae46cb03dd171603,1
b76c21d678533204,a1d890c61ee94687,0
6101743b14a9c995,6101743b14a9c995,1
e18bec97c2e54de9,e18bec97c2e54de9,1
fb7bf93e34d7f7d9,fb7bf93e34d7f7d9,1
c1102faf3dfe8922,c1102faf3dfe8922,1
aecf1eb825c3fac9,9225ddd06a21a425,0
68aa647272206bdf,67193d41f8530014,0
4a502423d726650d,7b4d813ca2934f6c,0
696c1c61da4c1637,696c1c61da4c1637,1
04aac7a85a1f7206,2e06cdf40bc23192,1
74354829e9b1894d,74354829e9b1894d,1
c6f0f9de497c2586,ba2807e5acc0b381,1
11dd779841cb459c,11dd779841cb459c,1
d4c6352266ac7923,c6a68ef503323be0,1
0c7c8f30ea01d40a,22ab0fda17d97870,0
c7087730fd6fb9e6,180cce0ce9412cd9,1
6c92e6b79f0406ff,ac7e40ed7a3fcca1,1
7b934c51534d99c1,ac7a70e795bc2900,1
7974fb5d4439f4ab,7974fb5d4439f4ab,1
0fc73d15323ed4d6,277993dba687ff6b,0
96e3615c62c061d0,96e3615c62c061d0,0
44e6a8e6cb7e9878,b15740fb842af8ce,0
8251cf114c4ab805,a8466ff7d971986b,1
8f601a8eba2032c4,8f601a8eba2032c4,1
a3659e5ba102a522,fcfb8e45ea9aac0d,1
cc39b5f85bcf3cb0,cc39b5f85bcf3cb0,1
aed8a9081013ae7d,8ea5343f72536070,1
35b36a21925d090b,3808bf4ddacdc8af,1
a519ab94cce868c3,a519ab94cce868c3,1
eb0f6f2dc1a35095,441995fb2b010fe8,1
54bf83525d96a74e,54bf83525d96a74e,0
872037d191c90a2f,872037d191c90a2f,1
f93b9f1b1b233fcb,f93b9f1b1b233fcb,1
6f27de6404cab1dc,a5331e7524a5dc90,0
905b956ed442534b,8acd2d0f7d607cc0,0
f1faa7a53b89f907,729af65c62753f0e,0
b6d445bed3467e1e,b6d445bed3467e1e,0
f2bcc3bd7ecdbc4b,0996a80de570e92c,1
58fb95e845e8eedd,e088221afa56cdd2,1
6d967452dfa7997f,eb466a02f260a3fb,1
ff34ead1c3be2415,bf5fe252c91a01d2,1
43f8a5a566da9fc2,43f8a5a566da9fc2,1
61b62aadf7227ac3,55d29d4f5f2e0e40,1
561992c7ca3a700e,561992c7ca3a700e,1
09f40b1a70dcdf14,734950942c27d0e7,1
7df00bf7bb310022,7df00bf7bb310022,1
17c29106dfe0acc7,17c29106dfe0acc7,0
9f89b57055b94c48,a72d117c78b9f3ec,0
528e6c6741dca9f4,60cdd8233c56a9a4,0
0c7d555cb6911f54,410dcead3db1acb3,0
492630231c19e024,492630231c19e024,0
95bd7223f5012274,2f65dd44238e1715,1
0299bfe443985f17,d3f90304effa6143,1
b1963ebe91593aad,b1963ebe91593aad,1
fb90c0db89a5dc5c,fb90c0db89a5dc5c,1
06ef2a42ee0c2f5d,06ef2a42ee0c2f5d,1
99ef34b8c0cd4d82,ba29c0b19a0618f3,1
44452a7696dfb36e,e2aa494d2ceaedda,1
916c8daa13e21bdb,87d706ade7754f1c,1
ea47652319a18a76,73195297ec33a661,1
f28af321ffc8dde9,f28af321ffc8dde9,1
7d492955142f93fc,7d492955142f93fc,0
be3c6520a6ff7a6c,94399e3e0b1dc7c8,1
7047a5ab3b574df5,7047a5ab3b574df5,1
94e0f67f9e4b00d3,94e0f67f9e4b00d3,0
1ac05c075db472e3,1ac05c075db472e3,0
980c23c5f7073d76,980c23c5f7073d76,0
cf992cbcf38ebf84,cf992cbcf38ebf84,0
d40f5a8bdf4140c5,d40f5a8bdf4140c5,0
38ddc78202860f0d,38ddc78202860f0d,0
80e8a80b0a15b545,3d5e08db21a6271d,0
11f9bcaa7b89b98d,b92d838106ac58a2,0
23d9a65e71af98e0,4f470d3f35a1c690,1
a975ec6ed668cd8f,a975ec6ed668cd8f,1
081713ca4afc4160,081713ca4afc4160,1
e446de6e3f1fb68c,e446de6e3f1fb68c,1
7adec2999661bed4,7adec2999661bed4,1
e6e61d50255d0c1e,993a8bd003bb1846,1
f6bec7e455bc219c,f6bec7e455bc219c,0
fbce3e38fe212112,e3032f63ecf0c035,1
07e2b764fbf90db2,cdb80975c948e2c2,0
1aa0e616566068e5,8bb817c872928497,0
b2fb489b60f02db5,4a51d665190b71a0,0
c4efb66bcfb4cb29,98729a2e487e37cf,0
6565e8a2669f8708,bff4b07a304ea199,0
4169350cc6febffd,4169350cc6febffd,0
6b908146d0636c93,71b7ba315a36ecf9,1
7d373bd7068873ec,ed75ffbc3a80bd9e,1
e68890f173689839,e68890f173689839,1
c4c2fd6c063e61fd,c4c2fd6c063e61fd,1
653a91599957b1d6,0791f2f1b08d8047,1
8c1106d4a6f2a453,98257c8b53abfd4c,1
c776575252e1081b,c776575252e1081b,1
6361bb6ec799b446,6361bb6ec799b446,1
6f26f04a9fc5b8fe,c33103df1fbd9bd6,1
6f1c4e5dd947b61d,6de15707cb127859,1
d582ea5f306bb745,d582ea5f306bb745,1
dbfc7f21b740e348,bc8587fc71448936,1
6f8b771325e3ef08,3b02acdc984fb218,1
00d9db8101122987,00d9db8101122987,1
85f01272157212c5,85f01272157212c5,1
c78b75d1a3c2570f,810e5d4daa5f762e,1
45af9263a5f9eaf5,c24338a380e2cbe8,0
d991d3c461a78657,d991d3c461a78657,1
4e68403675e578b5,4e68403675e578b5,1
133bce54176145ba,8d88cda1bd724e52,1
d5b3b5d300a820ef,d5b3b5d300a820ef,1
8e88a8f7c00f5b7e,7abcdf1c29c72960,1
61a3557c481e0c92,fe84af3a430b2cf7,1
3e98c14dbb7c5a0d,2b785de6d4c9319f,1
269013c704cd546c,051d3d1a17b908f2,1
d6478bd3338385f9,86b22ea6e2fec040,1
3accc3d1a0ec9d27,3accc3d1a0ec9d27,1
33fb439e17cd5893,33fb439e17cd5893,1
57214db69c194b03,57214db69c194b03,1
9fff20907cb2ea30,9fff20907cb2ea30,1
143f5a29fe608e15,c219cb4a45a34434,1
aa82e4664b05e2a3,2f0cc34a946df50d,1
68b47895d13d7e05,76ba27111859cee3,0
9f5edd513f767211,692cbd5d962ef502,0
30be7c615f8c7eab,30be7c615f8c7eab,1
730b47b7da08a9a7,05b8dac2cd99d602,1
8f9dc5914dac1f69,693e4a03b5dc0b49,0
088f4322fc03d56c,aa1574135b1f0f28,1
ab827d77c74a0176,ab827d77c74a0176,0
d2c4475a73b2ab19,4b7ad901254188c4,0
5178c3082f254cef,5178c3082f254cef,1
4a96d8307d71c375,31eee0b46ae8c1e4,1
40e7fa8bd17ebb0b,40e7fa8bd17ebb0b,0
549607f20b357e67,a2ab28de842e2dfd,1
8550297672ed735d,cd77028710882fc7,1
911cf125361dc86b,911cf125361dc86b,1
6a89cf0fc83102bc,6a89cf0fc83102bc,0
dc48d8d2fef318e4,dc48d8d2fef318e4,1
94cc4bf2fd764f8c,818340a05375750b,0
4e849898d3368a69,4e849898d3368a69,0
a383401fc6a4b24a,a383401fc6a4b24a,0
e239a35f32a9fed1,e239a35f32a9fed1,0
145f9d7bb370ad41,e2e4c4fcbb55c692,1
7eee01ceef058cf9,7eee01ceef058cf9,0
26bf3c17e2f888bc,4f079e7ad3e61241,1
ebd4a7c64e70378b,ebd4a7c64e70378b,1
c612099cdd25c713,c612099cdd25c713,1
1cbc8739b3e89191,1cbc8739b3e89191,1
1576da28b95925c4,1576da28b95925c4,1
dcf592b98ab54ca3,8c1779dab155219e,1
d7b6f30027fb2167,66f0360ec843f914,1
f8e474ea334f7b1d,f8e474ea334f7b1d,1
64eb7eae6bbf671a,64eb7eae6bbf671a,1
dc070cc22342b82d,dc070cc22342b82d,1
7b251f84f77a4526,7b251f84f77a4526,1
64d51fccd525ef79,64d51fccd525ef79,1
ab75eaea9103fed5,ab75eaea9103fed5,0
724100299ed662b8,5e5775c2ecb07653,0
fb5bac8cead7f5b7,3da3bda8df99c111,0
ec7c51584b175dcd,ec7c51584b175dcd,1
c66477eae101dc1b,c66477eae101dc1b,1
1c44bc5344d81bc9,96f210e29d63ca23,1
ae64d6f870389a4f,22b81d951037fef4,1
21522a8f85a7b90f,21522a8f85a7b90f,1
a375ae13bcd01ef4,a375ae13bcd01ef4,1
d4f3cfdb3179e470,d4f3cfdb3179e470,1
9739f08f9db880e8,9739f08f9db880e8,1
26fd38d1d7c56101,76ca142a9d2dc542,0
e578df1d73e46dc4,e578df1d73e46dc4,1
6d3494231b7deba1,393ea5f1c76c1987,0
8f724a5dfcf3a42c,dd1355323a68268b,1
aa57a56d673f6df2,36aeabcdf3d9c308,1
e539a756e272c1ca,e539a756e272c1ca,0
ead79c16f1c240c7,2e3bd0c97d2912d2,0
22310db9ca8008ed,22310db9ca8008ed,0
5bab40083eff1e21,a5c5295120e51f8b,0
b61d46d8412642de,72051920a92ecd63,1
4d5e239bc4d87282,4d5e239bc4d87282,0
348d60c86eaa8e34,348d60c86eaa8e34,1
3b204d52e539c0d7,df3c6e679b33609a,1
130e6cd126aacf6b,130e6cd126aacf6b,1
df41c07a59f71d86,df41c07a59f71d86,1
da768da7ef37d6bb,da768da7ef37d6bb,1
d6e5bee1b468ef19,2bb8f4559cf7d44a,1
58c8519fd41808a2,58c8519fd41808a2,1
fd4ab7bbb9f1e87a,046ad4fe06932551,1
1ad54e0cfc621d38,1725979ff5c8f580,1
b63752daefac1f33,025d96a8c1e73650,0
8e4644cd572761c9,f075f12388b832f8,0
de610e47c41ad22b,de610e47c41ad22b,1
9fb97a15e9237ddd,9fb97a15e9237ddd,0
0fbeeab0a12ff844,a8467039265a9841,0
e4cdc494e9081c91,e4cdc494e9081c91,0
408614c640201854,545a51bc36d04f44,0
c798d0d87cd65d5c,59db1c38fe34fa7a,1
dd6745ae14afdced,dd6745ae14afdced,1
488a4277e0274790,98c30c984d70f5ea,1
c8e796fd4d4c78b1,2579c5f952d04fe3,1
4e70cedfd0742a20,398ca965c2e457d8,1
f27a763e07b4c286,f27a763e07b4c286,1
55ddd58f8ca0bb32,55ddd58f8ca0bb32,1
aae8fd2749c52fea,aae8fd2749c52fea,0
82eaba02dc77953e,82eaba02dc77953e,0
3dbdbee8c2673980,3dbdbee8c2673980,1
404fc8e43188190b,404fc8e43188190b,0
03d4dafaa87661a9,e824aad15f2567a5,1
e39b04791f3d558c,e39b04791f3d558c,1
b502a3b0fcdbfd3a,236bcaa4b6e8f621,0
82da24624df8ee32,748f559bcfb2f552,0
6088a9798ab3fc65,6088a9798ab3fc65,0
71f5c840bf3e237a,98ecc56b9546291c,1
27c396d8e40132d6,485c45e43cd916a6,1
5b55b13e39a990c1,101069bce6d6dada,1
67e830c80ed3727e,67e830c80ed3727e,1
ec3b2a67b6f2488d,9d1e10a6498dfee6,1
6151b0ebed90bb97,6151b0ebed90bb97,1
399eee21cad26d3b,399eee21cad26d3b,1
c1acc33dd53d4e01,2f6fa7ccd26f42bd,0
233242b97720a787,233242b97720a787,1
bb478ed0489b8540,607428c289f7256e,0
4e28292faa17ac44,ac2d0a8107381fd1,1
bc7b9cdb2ea4da4a,bc7b9cdb2ea4da4a,1
af574264ff355e92,af574264ff355e92,1
90dbc16aa4d5782c,a882937bd29414b3,1
ec9d1fb1042760f0,0beae3b323879d0e,1
5fc355ecd2ce0209,5fc355ecd2ce0209,1
49217d168ef0b167,b6e1944aa5814d7d,1
2967db84a5c7acda,2967db84a5c7acda,1
640d7d3fc6e20679,640d7d3fc6e20679,1
9b1436e74d89c25f,9b1436e74d89c25f,1
116d343998da8a26,116d343998da8a26,1
a8e5cb81c832f236,a8e5cb81c832f236,1
d32edd1fd32d6183,ca278239f443306b,1
faa80f0f2d382f41,7a5cc4d7acd9991b,0
ad1881fe41f2bfbc,ad1881fe41f2bfbc,1
05e5bd5acd6e29c6,0a751297edfc0ef4,0
2fd7f0cb05ad91ac,2fd7f0cb05ad91ac,0
40546bb6e20d7df5,40546bb6e20d7df5,0
93a9b7083b2125bb,d5a26320adfd5847,0
513d194c312f9fc4,023f68dec236a06b,0
a02824dadd95da31,27e29a492c2ce8bd,0
de857136a90509b9,4405ff3582ee0754,0
3f56041d72bb7349,b0333fa10f189193,1
312d7880d7613432,094877b7afc57345,1
5ec502aff4c21087,1d78b6de27d867bc,1
004c1bb44a9d195c,d3a3997373ca906c,1
2d8f58998988b97c,2d8f58998988b97c,1
dc015f7c9a60cfce,c5c22eb65313a2b5,1
bfd60174401606b0,bfd60174401606b0,1
26cb2dd580a39418,26cb2dd580a39418,1
f35c1d4ec9ef6227,f35c1d4ec9ef6227,1
3f78d6c2f758500a,3f78d6c2f758500a,1
db676b46e86dc34d,eac62cf413d6b60a,1
c1b1f1604fad526b,c1b1f1604fad526b,0
ab97f8bba35411bf,c54ecce086f34d64,1
ab5b61d300ef8783,9e3339aee7fcd1d3,1
2e2784e05c859f35,2e2784e05c859f35,1
48ba1c31463b3327,62f890fe89f5eee7,0
d0f5aea97fd15ff5,d0f5aea97fd15ff5,0
73aa6ca80fb03fc0,73aa6ca80fb03fc0,0
a2ef73815c17eeac,a2ef73815c17eeac,0
6b204f88c8cab172,6b204f88c8cab172,0
5f86c896d928f8a0,3d01a91091afe3a5,0
a9219539f4295a23,a9219539f4295a23,1
17ab75743603e8b6,17ab75743603e8b6,1
2ffb1255ee98a78b,4ade63ad0eb0c2ac,1
7529e54402e0c7a4,7529e54402e0c7a4,1
47316462c92e9617,0e7f10e72b0034c4,1
310e77590d701429,310e77590d701429,1
ca6ad239d8e137fa,ca6ad239d8e137fa,1
fb252fed8106379c,fb252fed8106379c,1
3db53092cfcd1c72,f24e7e29816a7ccc,1
636971966299b99c,636971966299b99c,1
fad9a6ff28afa0cb,fad9a6ff28afa0cb,1
167bb2c4796ef5c1,e3db1b613b5e8b24,0
48251006fb2259c0,a11fe9c8b7c3a9b0,0
b30f8d98a3b3dbc9,b30f8d98a3b3dbc9,1
123081c0019afa83,1c1846264196bb89,1
1d13549d19018e5c,cc67767f1edd0c33,1
64e2cf49d3aac3a6,d8b51b6de9990c6a,0
75b63988bbcf478f,c645bb8538e65b39,1
2e8cfe3d88c9c20a,2e8cfe3d88c9c20a,1
01f9d273c3072f83,646d76fcf169f797,1
3d9243c99fa033b3,3d9243c99fa033b3,0
f819787159a3c52a,26448bd2348b0f25,0
2572def151d58bec,2ce36a97879bddae,1
60123a33aa1dc4e9,d815fa7c665bc62d,1
adaafbde8189d2e5,a6f274177cc787c8,1
469171795b9fb8d5,1c6aa2cd83ee8b0e,1
f65b860f6a445b2a,f65b860f6a445b2a,0
bea86893b34b1f8b,bea86893b34b1f8b,1
2593307107ff8db7,df0f9d47c41ad874,1
e07f0c1c5fe34ade,084ba8368b5c85bd,0
1b8c8c008978ed92,bbb794477283e145,0
2e8e8664842b1a6b,45c3111aef5e98d3,1
116442a49d230499,dce2dc4823920bb6,1
ab320de3beef4460,11687299ecf08faf,1
3c758723491e2d1e,7c7cd9d208f7fd0d,1
3b47675b9fbd7834,91590ad676fe8ee1,1
5dc9be71d1a67ff2,5dc9be71d1a67ff2,1
05781eefb30c7795,05781eefb30c7795,1
941a4fc58a79625b,7cee367ad2c88a5c,1
563bd5f2e6673dd7,563bd5f2e6673dd7,1
2557be4b0363a0fd,956c8ee0ef4dae9c,1
8fdc9fb789e012af,8fdc9fb789e012af,1
6909d1491b6094e8,6909d1491b6094e8,1
10364c66b666f1c8,910de36bcdd1fd20,1
911b0a188e2be636,01ccfd7dc44cecaa,1
ccea00196be6d03a,ccea00196be6d03a,0
69c183d35e3113a2,69c183d35e3113a2,1
ceb0150442fb596f,ceb0150442fb596f,1
abaca15159310634,66bbcb283919aca2,1
385f304a0365e7e4,127b1d77c1d86233,0
17b629d2401156ff,95628fa6a7daa328,1
2116803e05c88d9f,bfa05becc1d016ef,1
aa3dc2f6031aceb9,aa3dc2f6031aceb9,0
5feb268eef350913,b8353191d245f864,0
e93f129b28a30fd0,e93f129b28a30fd0,0
d79aee444ddb2acd,4d0b3ca08691b937,0
4fd213cc48500382,4fd213cc48500382,0
dce85b9db6a4c2ba,dce85b9db6a4c2ba,0
323f5a5f87d27299,859905e93c340609,0
43deb6d57ca50905,43deb6d57ca50905,0
34f9af32dedd81ac,435a6eb7065f962d,1
4467ee92fc27e29f,4467ee92fc27e29f,1
ec5bd321ff523b3e,ba2991934e3f9228,1
4fec3f2e7b944c98,4fec3f2e7b944c98,1
d2a509d7d72337dc,872befaee9c16b58,1
4db96d3ccc8a1adf,4db96d3ccc8a1adf,1
26f8125529ed3c02,26f8125529ed3c02,1
a006ecedf56fc09a,9805bf86187069b2,0
4baa800a829a2cd2,6e69c561418c35a3,1
39300c98b7dc3aa9,39300c98b7dc3aa9,1
91ab6360a9c9fcc1,91ab6360a9c9fcc1,1
4e3fd1a6efc3ca2a,ed4091fea6ecbd61,1
83900cffff06122e,9bf252aa27c74b4e,1
6ccd3f0ece10ea4b,6ccd3f0ece10ea4b,1
fa3f32ed074ab2e0,fa3f32ed074ab2e0,0
cb120eb373285df3,cb120eb373285df3,1
1a06bd34bb45e85f,33325b2a4544b15c,0
33b1429f51b075d5,3833a68f97e4f7d1,0
2e36ce80195e2e25,b1afcff24e56f5fe,1
a320aeb3a6946243,b6ee17508b437dac,1
d4b92f1ae8b73417,d4b92f1ae8b73417,1
50dcf6e965506777,50dcf6e965506777,1
15bc0bba0637826c,15bc0bba0637826c,1
2440a61221640397,2440a61221640397,1
d03bb060b2e27eac,d03bb060b2e27eac,1
2eb7797d8fbeb178,3cfc0c165f0c8325,1
8d42b90b368da921,8d42b90b368da921,1
021645ac6eced2ce,021645ac6eced2ce,0
135f3c1e9c4fad21,135f3c1e9c4fad21,0
f7d8bb1d895bc1ee,f7d8bb1d895bc1ee,0
2be02c0a47f746a1,2be02c0a47f746a1,1
35655018cf313e11,925327893dedcdcc,1
3286ca1beafc1715,d3970052a7eb1f95,1
28890a2cf1e8e6d5,28890a2cf1e8e6d5,1
2c60818a27996632,479449c83c3a37b1,1
aa31a4204e7f7d52,b621d1353f7d0a54,1
d219624e6bc05802,6c0910c9764c4f09,1
3a47944ce0e7bf2c,3a47944ce0e7bf2c,1
4c9b7371c0b11162,4c9b7371c0b11162,1
fd36bb510cd8bfcc,fd36bb510cd8bfcc,1
a5f5662606719e51,3e66ad1ca09783eb,1
3807c79bbb98c8df,d9bf17598f350a85,0
7ebfbb6781b3c04b,ace89ba6796e92f8,0
32520e59fe085b3d,b0615523d1462b34,0
57f9cb2400cba8bc,0d5dcfc92412d48e,0
e90636e1058d743e,3ccfd1c03e291db6,1
cc3e1eb7542254d8,cc3e1eb7542254d8,1
33c60905fb47640b,33c60905fb47640b,1
10874f6e2a35cc63,10874f6e2a35cc63,1
6eee68062fc58cf0,6eee68062fc58cf0,1
69f32846f088b707,69f32846f088b707,1
bf809a1a8418c9e2,eddc6b2d76fd6f83,1
48c90d19376d63a0,48c90d19376d63a0,1
8ab4fbfdaf8d6459,f72fa0c5aea2ac3e,0
ef06cfaa7052b5f7,7ef67a8fb8fdfbd1,0
513e7ffee8379378,fd155ddefc5213da,0
d799d7f808a57d28,378974ea0f7e8c02,0
56e01aa516f976c5,951f7d849d2b0652,1
f7ba688eebe0e678,5a8fca30a46288ea,1
2e32b8f47a1d7373,613d28cae3231c87,1
4811df8f2738a064,4b34be003f1f7208,1
50d397eda38592f9,50d397eda38592f9,1
2ce751dc8460575e,600047f7cd5a27cd,0
fb4711c8be9861a0,8892cf45123aaafa,1
0573e8ce95b8691e,0573e8ce95b8691e,0
87f3dd204d092934,87f3dd204d092934,0
0486066186785c8b,0486066186785c8b,0
b0f0432be830e309,0c6161887276d67e,0
2f22de057d95298b,71484e60af7a9a95,0
4ba7e18197918aac,c714586a100b8112,1
5a92c689b6487ff9,93c7d4b89168dcf8,1
b860aa917fea09d9,48e474a168675633,1
9636d4e90e2e2b46,9636d4e90e2e2b46,1
b67275b19fd3c64f,b67275b19fd3c64f,1
378f76ecbb4d6526,378f76ecbb4d6526,1
814c282fbff55d7a,1fb5ed0e7480c4ed,1
fb1b0fd405f26e43,f9dc03f63abd834b,1
d3327dce1ee73826,683782edea119e11,1
8a46113d394564d4,8a46113d394564d4,1
0fd34db57634c444,0fd34db57634c444,1
f699e589dcb74526,f699e589dcb74526,1
fe7e745d2b7edcec,23a56fe1054707e7,1
9050a572a71aa7e3,330c8ce57d1f7942,1
9b951ba1e7f4cf16,0a250c05829d1826,0
4978460693e3cb14,b4c9d6ebc6284fcf,0
a7cff941bcc24d2f,8e4480a3440f9103,1
bf7734cc30c66713,bf7734cc30c66713,1
cd0caea43a3b6a3a,cd0caea43a3b6a3a,0
4696532ed4065b2e,4696532ed4065b2e,0
ebf089840941a062,ebf089840941a062,1
d04ebac1e3f9fb40,d04ebac1e3f9fb40,1
e9287b78a4672e53,fba97000c2fa21d8,0
f5bb1d6d0885c8fe,f5bb1d6d0885c8fe,0
e76d805665757e54,e76d805665757e54,0
88fe5ed69a2a6198,88fe5ed69a2a6198,1
6657e90698bff7fc,6657e90698bff7fc,1
238a4381398cbefd,238a4381398cbefd,1
b30445b8e2659d3c,95ccbb25a59c0394,1
607faa7fe24691b8,3a6d1d968005e2bd,1
2b3d7a3df9928d73,6115eae83bbf129f,1
fd599b9def0d58f9,2d209b5779c9437b,1
7a96985e5977e06d,7a96985e5977e06d,1
5c0b5584fe7e7d08,cf78d0bda8ee778c,1
0caeee24762c7ff5,07fe7e1131e3c5e2,1
54609d23399e10b2,33e941510ba85065,0
78bdfcb0c3503f1d,78bdfcb0c3503f1d,1
918c52cb08451ebb,918c52cb08451ebb,1
6264a2fd70fee370,ab393d788488226b,1
ed49df0dfec1a8da,ed49df0dfec1a8da,1
a1f2a9a676c5dc06,a1f2a9a676c5dc06,1
1d1b6c41e2292c39,f66e912161d7d292,0
2a73d8dc3eddac0d,2a73d8dc3eddac0d,0
084bf8117f5e72ac,fa5e8272dcdd6377,1
0078327fd0c5bd3c,f1190a41057ec8ac,1
832f5f584da2bcdd,265b32f0e96c885a,1
185dcb69c4151457,185dcb69c4151457,1
13b15b29a160ea68,8afa59650930bf18,1
621bd4e583703382,621bd4e583703382,1
69ff7308b6f409a8,ff4bbcd1cd2b97c1,0
2f1083a4f689d05d,712693c3f56e3bd4,1
5bef9f1cd5069d8a,964b0e1243b1b551,1
102c31169108f1ae,102c31169108f1ae,1
e6169b1d67697d86,63cfb44f65475c74,0
e1226379df417e32,e1226379df417e32,0
ab5e68007afc1e43,ab5e68007afc1e43,1
dc623b6eeba4a31e,e4776aea7d9faaaa,1
e9b5be607593d4c0,8843b510683c64c9,1
f454d5399afa0163,f454d5399afa0163,1
7161cba8db0df495,f4b41c9edc4c48d9,1
0333e0a7f6bedf3f,0333e0a7f6bedf3f,1
becfeab15cc71d37,4f00450bd40a65c8,1
1b13489dbfbfcfef,62659b7c3f4ae21e,1
ed312357054c3d87,210ddb39bbbef34d,1
b9c2ff851a984880,2263b284b6ad8de8,0
5699befac9488a6f,013e3ff102111cd2,1
74db3480b4033875,74db3480b4033875,1
8f8cb4049fad9b3b,8f8cb4049fad9b3b,1
3bb29a480545fe42,3bb29a480545fe42,1
0c945d42eafdff74,0c945d42eafdff74,0
56aeff611ed69ba3,56aeff611ed69ba3,1
e66e59079051139f,951462dff5cf6d11,0
d09b57ff0bad6622,f99190eb48b103fa,1
63c86aed0e5558e6,2b0ffc7c5d6d09b9,0
51688d9741e9fead,348bf9905005babe,0
8f9a80f7114d4a38,c34bafe9ade70d4d,0
dffe40cc1cd6c410,01ec5deb5786ea34,1
40acd045fd072c3c,40acd045fd072c3c,1
cecd0fc4eebeffa6,c4a57c60955431c3,0
7d27f1d35326520e,fcc3a0693459f2bd,1
deff978c4d09cc7b,deff978c4d09cc7b,1
2b177d536666102b,2b177d536666102b,1
4e75ea1478f85471,4e75ea1478f85471,0
252263074bad3952,252263074bad3952,1
5d486134325ac5ad,5d486134325ac5ad,1
282cb55bb1963667,bea67bd1d60f17fd,0
e414f3bcb25e4a37,797b40aec6325d3d,0
455f44b08ea3b5f0,455f44b08ea3b5f0,1
ba253a853b03ccf3,ba253a853b03ccf3,1
1ce9831211c0f73e,1ce9831211c0f73e,1
8da27fc461d1674d,8da27fc461d1674d,1
ec78a95e3a4903d9,ec78a95e3a4903d9,1
3ddb04cb689f9b98,3ddb04cb689f9b98,1
922d6ea8b23d7951,afa4410fe5bd48c3,1
94f523eabcfdd204,94f523eabcfdd204,1
f0fc0bc9897f53e5,f0fc0bc9897f53e5,1
5cb27e9940ce42c0,2eac9b9b689f0b42,0
0969671191d3c5c0,0969671191d3c5c0,1
325e82aedc914d7f,325e82aedc914d7f,1
f3354d952246a7f6,36ad7b9a8d5ddc64,1
c414c294d59398ff,a0f3f7c11bd35722,0
278b763618f162b3,9c229c150d368b2e,0
e009d105492933dd,e009d105492933dd,0
dadafc726ccf2f16,e2385f8f1778b9a5,0
b03317ce635fa129,98b4be7aefbac270,1
ab315922980adf05,ab315922980adf05,1
a2bcb1e4dbeecce5,b6d19372a62caa59,1
b95bff77127c4b0f,b95bff77127c4b0f,1
a107a7ae4d5b40a4,6b65aace3f61ef7b,1
f6186319be359311,52ee046313aa6298,1
3155b3484bd3fe42,3155b3484bd3fe42,1
35e70b13301189b5,d71040fd178a2b70,0
a2804cae96c8bf45,a2804cae96c8bf45,1
78820aacbcd9853e,78820aacbcd9853e,0
dc7643027d23b25a,dc7643027d23b25a,1
b37f15677c58ee84,b37f15677c58ee84,0
a672948908a42978,a672948908a42978,0
c6602d4f076a452f,c6602d4f076a452f,1
3d3e4893dbf3b37d,d5b6c74e95e8561b,0
6ed5082dfbbf14d9,4274df2c623a95b8,0
b728deec241ef554,be077c34f2be8927,0
ebe2db7ff77d12d3,dc968fff06c4ed64,1
db2c83d5cba98469,10cdc12df202c930,1
1099109eb243d52f,08ffed676a7188f6,1
34ca31ed27eacc39,34ca31ed27eacc39,1
8456818481fa11e0,6de227cc284f6471,1
0c4521a224d208a1,0c4521a224d208a1,1
d487611ca6c14f46,4d84a6c8cc4bdca1,1
cda2b2e020985c11,00973457d312b726,1
617d0343dfd0ea09,a17a8521cd2adf5c,1
71816ac0d87b5d56,286e14016c3269b2,1
2d54c99a3cf1aaa5,2d54c99a3cf1aaa5,1
d162a95fdd1e7682,d162a95fdd1e7682,1
f81c5e61257e410c,ad0c3e1598a02079,0
263294e32d44e756,263294e32d44e756,1
491137550d3617ca,491137550d3617ca,1
f8c53ecd89b7a640,8fb666f276cad32b,1
2a36992de2767367,2c7235ea2268a6e6,1
24cd27b3f1c2acf9,24cd27b3f1c2acf9,1
06e73e8a86705d18,ff073286f1b971dd,1
c9f642eba9367505,67a965c820952341,0
c8bf84b2bc74933f,c8bf84b2bc74933f,1
5b7bfd732600391b,83acb380975ec2be,0
7c67b09ef4e5e1e0,5d893e6087ce3256,1
f21e1dc914543076,f21e1dc914543076,1
81c990513379e06a,c8f4a669960b3ef8,1
e334fa00427e7e2d,e334fa00427e7e2d,1
b172f59dba9a93e3,b172f59dba9a93e3,0
7e88715a5d046fb7,d418cca3561e4948,0
b252fe6ff43b249a,07ed8d5bd9ac476e,0
0d68bb4ba719f305,432cbb26372996cf,0
5fc99322edfdd936,3b7589b12d4d0216,1
8bc83366acd4af1c,39b1fd5a871b9259,1
9b2eca49f76035e0,9b2eca49f76035e0,1
e233f2e7247aa863,7ded48bddb894139,1
8b48a5d5ba5cdb0e,2f05692ae9c5bfed,1
8141f9738464eaa8,4c77c7d4066b450d,1
d06028e0b2dc92b5,33aac0a98c567b93,1
a2bf7981e7ea5c34,aeb057a118b0c880,1
3fca01dc44038a54,0fb64e7cd0fdb8ee,1
c009e74882fefcfd,721e9317533cf132,1
b76bf4faa7cd535f,b76bf4faa7cd535f,0
48bd99a8d87a6be9,59a79f1a69d0d133,0
3a1bc893061a660d,45cbedf9767a4299,1
8e95b29074be9e8f,ce62fdf86b3b0681,1
32a92e81cb5da3b9,32a92e81cb5da3b9,0
0fd377cc968688e7,0fd377cc968688e7,1
b0ea0107172a6aec,b0ea0107172a6aec,0
a2846313570dc138,a2846313570dc138,1
767aaa13ccb7983b,b43f984fa9967731,0
2d7473cba198920b,2d7473cba198920b,0
b0db8b8076aabc50,b0db8b8076aabc50,0
9fcad2fd32a7b0d1,bbe533c54b6caec8,0
2cbbdefa47d6130f,af837fbc71f04247,1
2a27b40d4969842d,93f324ed19495f08,1
4d3ccce045adbe6e,3afcb7fbd6f39c84,1
a67648a1233a10e0,a67648a1233a10e0,1
91f2f748e16da7bf,86cf322571f53423,1
9b9b1e5076017573,8b63750a5a50b071,1
eaaca13cf5487fe2,69a2070ef213d798,1
28313e43e53ee2a9,28313e43e53ee2a9,1
e26b62dd9b7319cc,e26b62dd9b7319cc,0
f2d285c92586c55c,f2d285c92586c55c,1
b721bde2c3d8024a,7183d21557f66127,1
8a009ca9c7df215e,9a03769a9cd3e447,1
97cfb6c4985ddc07,97cfb6c4985ddc07,0
45fe11393c8d21bd,6f0cd1a2ddb0a6ad,0
4378c4d944ef0f77,89e473619ab3ddcc,0
461afb72bc89a74b,56a2ef5cd9144499,0
c7f0149f3b1b9386,c7f0149f3b1b9386,0
a31cd78917fa832d,a31cd78917fa832d,0
8debd73a685fb81f,cf26aa37bb302dcf,1
b609a3028b325788,b609a3028b325788,1
8820160553e67d45,f46aec8ccc9fcf66,1
cd6502486014b7ac,435f1bd7ee76262f,1
c6bc0439a3914305,c6bc0439a3914305,1
50a83cee6bf24195,50a83cee6bf24195,1
38e97e3aa161f221,38e97e3aa161f221,1
7e8bafde27742848,7e8bafde27742848,1
63b031cdd35bec62,63b031cdd35bec62,1
e2757613d6d77f71,e2757613d6d77f71,1
03daa9efc54b2061,d9d5e2cfe5f806a6,1
d00f72cf1539437f,b90e2c71c34e4713,1
e5c8af57d6f3cead,483fce315c7b567e,1
ef11007f451bc183,d5f348343e22d706,1
f274e4929276d338,65ac5c353565198d,1
278e3a780e19f4cb,2beaca212f44da69,1
c83ff728d6204e2f,0161fbe5c43f0bdc,0
5112ab21358a0853,5112ab21358a0853,1
bfcf087aafe0c01f,bfcf087aafe0c01f,1
0b517a27bdb93fa1,0b517a27bdb93fa1,0
af3329d4731aa4da,af3329d4731aa4da,0
b6bc26d08e89d5c9,b6bc26d08e89d5c9,0
451cc72233e2cf42,451cc72233e2cf42,0
69bc1ad96d02de55,69bc1ad96d02de55,1
44e0e9fe40488981,44e0e9fe40488981,1
86b445e674ab422e,6fe209d2d5f26f5e,1
bd4536f221aa28c7,20decd16d8358ce2,1
c1a11162f6c774e5,4a5c821c14ef0da0,1
e1644915000ae7a5,e1644915000ae7a5,1
1a74f278d8a5ec34,1a74f278d8a5ec34,1
bf1be45586d5dbc7,7782f539436755c9,0
82d6e66408383d25,82d6e66408383d25,1
1ee32b55ae0a002e,5e5979190b60f279,1
fa2693372b6225f8,fa2693372b6225f8,1
ba97cd49e8913cea,ba97cd49e8913cea,1
a8721b33182936ec,a8721b33182936ec,1
ae89d6515d7ebb14,ae89d6515d7ebb14,1
5e2c906e2afae128,5e2c906e2afae128,1
1ea70ac1f34e7882,1ea70ac1f34e7882,0
d2304ccfed504202,c4050440bf8a9606,0
c8355c0deba048d5,c8355c0deba048d5,0
fc08ca421b9a7d6a,daf1e33e4b590719,1
5efa748e5ffe8259,5efa748e5ffe8259,1
2af935676fad967c,4801bae212d84cee,1
9ef2b98eb354dbc7,9ef2b98eb354dbc7,1
d9a66276ec3f8832,1b0c59f4b13e7146,1
b942c4f677fb924d,b942c4f677fb924d,1
1f96ec31cf49a58b,1f96ec31cf49a58b,1
741d55ca2d6416aa,508a6f1a19cf6a54,1
1aab846b52de9d26,07d774783b1c09b4,1
3cdd83e18f79da4a,1fea25d4ebae426d,1
ca9cd40a5b4585d1,ca9cd40a5b4585d1,1
fba4fb7b8884d659,fba4fb7b8884d659,1
04caf52d2c1e0789,04caf52d2c1e0789,1
510dd7466fa9e3d6,510dd7466fa9e3d6,1
5873f8bdc02a975b,65c35256296f36bf,0
3a6f5dbdc4a98e34,3a6f5dbdc4a98e34,0
383f94332afbb1cc,77797b9f7d3219dc,1
bb734dfa41f73445,508e7f1bca7bd841,0
1b8aa5e300c72a57,1b8aa5e300c72a57,1
b5260095fa479be2,b5260095fa479be2,0
3ace49b4f7203102,3ace49b4f7203102,0
c25552f06cc93c9e,c25552f06cc93c9e,0
7b1d865b3dbb1709,7b1d865b3dbb1709,0
82bc0a47c9dc02d2,82bc0a47c9dc02d2,0
9fff5dbb2079d5c4,9bf0512988704a06,1
3496546ca3b7da9e,86ef7f1043c9724d,1
62a68e202d9261e6,400bacb5ddba516d,1
7860e2a26986e3d1,61f6618192bbdc27,1
d28c0f6a6576c577,d28c0f6a6576c577,1
a6c37405c47fcea2,d40b3c7008330966,1
08a931c16ea0cbbe,6c6e554ec064e551,1
0022f4d3bd7dbf8d,0022f4d3bd7dbf8d,1
2e564c977f1daa81,2e564c977f1daa81,0
5dcdb2c90592ea8a,5dcdb2c90592ea8a,0
4120deda7801233a,54361ad7d143e326,0
baa0d62cff3a99a2,ef6e7f74664dfaee,0
59032d3917067b43,59032d3917067b43,1
487f4a3af4f1e3d0,487f4a3af4f1e3d0,1
7fcbbe076ac8a488,7fcbbe076ac8a488,1
b2ecc5bf86aeb2fb,2c35b7978e40af54,1
74753eed02413ac6,74753eed02413ac6,0
007c16e6570d6816,d8750da2ab7e49d4,1
eb272a43c93d5f4f,a9572ce3e9b60b9c,1
08358f0cb4931c6c,063ff2f4491effc9,1
eb6073c55dc564ca,fa01f64e7ed1f263,1
d95aac7ece861ca8,d95aac7ece861ca8,0
816ee890f90419f0,816ee890f90419f0,1
7e1b3e57233e5910,550a9923b426b24e,0
eeb77a3e285a56cb,eeb77a3e285a56cb,1
7da707b4dfdd2bbc,99fe0455b0783da6,1
38730e5ec5fec34e,2ee472d905e6c17b,0
35646ccf3b48f2cd,28e785536173b575,0
d06db92b67921424,29ea6f45dbd039a7,0
334eb58bcb8ab939,334eb58bcb8ab939,0
e636fe0d340356e2,f892003d4a56f258,0
746d504733bb7da4,746d504733bb7da4,1
8d5173fac37751ad,8d5173fac37751ad,1
05db5a587865d128,ee18c8a64ab79938,1
bba116068ac56dc5,1677c1cfbe96228e,1
8b46e4f48b222187,ce5ba44665286c25,1
7e30e11e7dc4ee16,46058acbbc9c1354,1
430e1196c7acc41d,430e1196c7acc41d,1
1b4f25fdf10aff40,1b4f25fdf10aff40,1
244c9a10da89bd13,244c9a10da89bd13,1
37944e08623539ee,37944e08623539ee,0
3a10a19efdd8a3ce,7dbc3ebeb13c7edf,0
3c2d97ec5334f883,a40c14e4dd7171c1,1
ec6d8eda8c310ace,77a06fbf9d6fc357,1
cb4306006a76f84b,6b1b4efbdc6fc04b,1
8ef89d4f774442fc,b53458ce424cf9a1,0
44358698525ea2d0,ed87af3ce5b7fd26,0
050380784d7335e8,050380784d7335e8,0
fd07305798b0a5b2,fd07305798b0a5b2,0
85d9413eaffc0f1f,85d9413eaffc0f1f,1
a521240fa75b5e1c,a998ff1e94eb0fc1,1
8d780cf5ba4196ea,7f29207821757c79,1
952f4a3cc7c683f3,9a2c56d1158b219e,1
e33a5a9425facd69,e33a5a9425facd69,1
75a8f23202a93f45,75a8f23202a93f45,1
9fe345bd38b11fdd,a9b3f56f69a9426d,1
9a27c3fa67a6cd26,9a27c3fa67a6cd26,1
b6a4563934fcee4a,9327a6b171862fb7,1
382cf50554872480,382cf50554872480,1
422e8f773a6d01cc,422e8f773a6d01cc,1
55511de4182ad363,55511de4182ad363,1
6525c8b50ee3f33e,6525c8b50ee3f33e,1
cfb3038e7e514504,7feb29057e947fba,0
5402dc0e10821f49,5402dc0e10821f49,0
87f49625462924aa,87f49625462924aa,0
54b41984558e12e1,7baf3a872791e795,0
e9021269c788d24e,e9021269c788d24e,0
10664e19546c9d73,e30a872f80ba6574,1
c3b28332c252648c,fd06178cd9e3783d,1
28e4213af2280488,154a0a2f04aef1a5,1
111004bcd3b68947,bedfd9f1be646e36,1
84257b8b19cd233b,2da87423ebe5c305,1
380d4d132d4bb8be,4ac3a638a5dc9e1a,1
187a68aef5b79558,187a68aef5b79558,1
2792eed9263ba871,2792eed9263ba871,1
12c33db2f8605946,12c33db2f8605946,1
10bdc1b319d48a4a,10bdc1b319d48a4a,1
6cddcc9eb36b0feb,b2f349b37b1c2f0f,0
58ff62f561bb26a3,a0a26d3b56c1ca7a,0
4f8bf43e9b70f358,4f8bf43e9b70f358,0
bf8e08479e0bfdf7,7f9298b7013258d7,0
d2608ed9ea7dcd47,d2608ed9ea7dcd47,1
4c505bfe1f441776,e0caed5cf9aab1c0,1
5398401069e5cd68,5398401069e5cd68,1
3f87a76efbea199b,3f87a76efbea199b,1
69905ebdfaafa428,ca5f94ce871d395c,1
4a725156d0a45897,4a725156d0a45897,1
81e2f1e3df8fb962,8e3752c871f523d4,1
e59774a155536f20,f57a33a64d56b617,0
3af90495029b244d,7ccb6d6c92a6a1d8,1
0f59e86908b20c61,01bdc8a4314a064c,1
044c888cb0638195,350ff798e0ab6f25,1
1ce6667ce7cb5234,1ce6667ce7cb5234,1
74b771bf1b6f5580,7ea9aaccc45d323a,1
d401cb960cad4a76,d401cb960cad4a76,1
1179dbbb106ee9fb,4f01187df7c1616c,0
feb89d77ed895e90,feb89d77ed895e90,1
e66a44c509d5a5fa,3dfa7354fb694ed3,0
c6f24bfd264f25b6,c6f24bfd264f25b6,0
b605480cc41be441,8eb32fca083e2a67,0
6805a08f26d4e863,3e024bdf564aabcc,0
77482efc8405a8ec,77482efc8405a8ec,0
2d89a1f8eb0c35a5,7ace4469f2615555,1
6969bc7e67925e0e,82f7fc466ca6bfda,1
0abbeb990709c6f5,0abbeb990709c6f5,1
70fac5a0d1fb7090,70fac5a0d1fb7090,1
6cd01b21424b7527,6cd01b21424b7527,1
b5ad44aa2ce27f59,6efe3b784fe7169b,1
47fac0c30b072f97,d38c6133263241a7,1
f2d7c4db7aa2f0d2,a136a1cd8f059ab0,1
8682eff6fca8024d,8682eff6fca8024d,1
aa28d10c30154307,9b6d4a163361406b,1
0cd0d53d3fd62030,128bc4134c18c5af,0
ee41212ce4c86c2e,ee41212ce4c86c2e,1
33b81559b0a11222,d417269381c844a8,1
2ab3671ac3e6385d,eee433c288cb574f,0
d155e7ee16f81094,d155e7ee16f81094,1
6b5d8c70546c75b9,6b5d8c70546c75b9,1
6f1ce8eac701546e,f34494ca9ba7164e,0
1acc214885496e5f,803c93b1d8c1760c,0
6c12a2d2e9994fcf,6c12a2d2e9994fcf,1
1049cb363bb65498,8f300f907654faff,1
299df912a0dbc5a5,299df912a0dbc5a5,1
5a53feaaf5756dc3,5a53feaaf5756dc3,1
61e7c14010914b1d,64c76533470b31f5,1
61d643ded8fb41cb,59255087776143ab,1
d81c541cc472d9d5,d81c541cc472d9d5,1
0e7a0cb501f3cf5b,4e9b7877f6f73ab8,0
4746aec1982babb8,f108c4a66128b391,0
6ae6e96850007941,2e5180febd0181a0,1
1a73f3dd96b133f3,00787462402219eb,1
d867ef98951e6233,d867ef98951e6233,1
cff79462043a38bd,aba93c876533f272,0
74ae676e5115a0d9,74ae676e5115a0d9,0
f8ba067090633028,bb97d81086fc3a5a,0
ddb94497b5270f6f,ddb94497b5270f6f,0
aadc662f54db70d3,53ed32129777188f,0
125e1479f36308ec,125e1479f36308ec,1
08e7e882602f1ad1,08e7e882602f1ad1,1
1e21fd536e8ee364,1e21fd536e8ee364,1
444bd09fb4965f43,444bd09fb4965f43,1
e0b4a96c009c6a3d,ceb0f71e61fe24c5,1
f52d9e7dde7d6d9a,f52d9e7dde7d6d9a,0
d1f2276e3d5176fe,d5c9449783008f74,1
01c0d4ffa6969d73,ba74abb4ea5569be,1
113aa88198153ede,cdade295cd5fcc90,0
5fff87b1aa38c674,86d48b596a614de9,1
4d6264e84d0c18cb,e5f034e7b05a53d6,1
05cbe7eb12a06ef5,05cbe7eb12a06ef5,0
d4bdccb65ee18ac9,1c8f86d1d99fdf86,0
50bfd16b8e30570c,50bfd16b8e30570c,1
990dba734bf6d41c,990dba734bf6d41c,1
f7d202b65c9b5a60,f7d202b65c9b5a60,1
d4f63c5597e60f2d,c49dd34e68af84a0,0
2f2f0cc9fcec74c5,e1e28709773345ac,1
291aeef053d3bb34,4fb03a54f367a556,0
b1bfc241d8d33298,4ed8416748731a7d,0
4f20c6684a83dcfe,4f20c6684a83dcfe,1
13c96ed764c3ceb8,c24031d545c7e8d3,1
60a782fd861583af,60a782fd861583af,1
a608bf579417beb5,a608bf579417beb5,1
b2b8c0a680f13297,b2b8c0a680f13297,1
1070c386f0468680,957044ae6f6bebaa,1
917e55318ca3da9a,ecdbef5d2ae82dd3,1
bfead67fa937a783,bfead67fa937a783,1
70aac4e3a5869311,70aac4e3a5869311,0
e307a929f5d54592,e307a929f5d54592,1
d2cc3bbdd985860e,d2cc3bbdd985860e,1
861bbf079661e9f9,861bbf079661e9f9,1
dbb2cba434de4b94,5299d1c9de2e51b1,0
bc90456320fd6a88,5496c526580b99bf,0
50abc88cf6d5e095,50abc88cf6d5e095,0
1fc0173c8aa5949e,a1a35d09c6872257,0
4fd935ede74a2395,1532a4afe427ba76,1
15e88b30a15c6bbf,15e88b30a15c6bbf,1
af4bacd9eea37063,d6975a4482412dba,1
43215bd9d03bf4c9,43215bd9d03bf4c9,1
1bf82d52f7733b8a,3648b391adfc1108,1
0828f2d46fc7207c,0828f2d46fc7207c,1
33bcf6064c750922,33bcf6064c750922,1
b120e5289b818f48,b120e5289b818f48,1
4f3574e35f32a604,4f3574e35f32a604,1
428dc2fafc55abf3,428dc2fafc55abf3,1
89b294271ea32992,265da96cf267d7f3,1
06d7d051da2685b6,06d7d051da2685b6,1
3a624c99b3390fb0,980ffe277b2af88c,1
3ca72468332c1711,4e8136462202949f,0
ec04de3662bfab43,ec04de3662bfab43,1
aaa847ea1bfe36ed,aaa847ea1bfe36ed,1
5821d62ed51763d4,3831049f6c0e4d99,1
9380305e7bc25951,9380305e7bc25951,1
398a5742b71afc5e,f02de82840a83310,1
fab1a95b21836ce6,1612619203bb0c36,1
d7a029494cf98650,d7a029494cf98650,1
919425b9c91ab806,ba346447131e2f09,1
bb2c52cafd616848,91d002d7cc3806ee,1
f82634a808d703c6,29a53805b72c4706,1
464238f3676b3a20,464238f3676b3a20,1
f2bcc926cecc7b37,da62d35381ef52de,0
999f795322ce21d2,999f795322ce21d2,0
08fbe2f19393147a,423fbd50af6b0f35,0
1a5cbfef21f92e3e,1a5cbfef21f92e3e,0
931806f62437a659,625dcb48d3e6cb2a,0
0c2d21ed72f74e5d,24681309f1654ba1,0
29876f0a237b3081,29876f0a237b3081,1
7d817e917a76cd78,57df4de7aab6d69c,1
7084e36a06f3a837,7a8b0618793f1798,1
bac0d8db540d69d1,bac0d8db540d69d1,1
c3eb9312a92b2faf,0753c760440519bc,1
488e58a6bc6affbb,488e58a6bc6affbb,1
a22c979c894fe98f,cdd518c0d7eb78d4,1
312ebd59eea35360,67b8af0de8fb9ac5,1
41f9b5a532eb2f22,41f9b5a532eb2f22,1
d534601e68b83f42,77160e9627df7cc5,1
41f48e3dcd9302c0,41f48e3dcd9302c0,1
9420d06753c9f98e,9420d06753c9f98e,0
b2f45b8b523b4aed,88321da834eb9493,0
c4d5c56f79f0963a,c4d5c56f79f0963a,0
2068b500b7d6071a,2068b500b7d6071a,0
2a38cb7ece6f93b9,5891c2696b8bbacb,0
c7250f5c7f0d83c0,a4ed3f716f9fb2c1,1
430559bc2ca3e381,430559bc2ca3e381,1
547d0283be67fee3,2abe81e8d18d40ea,1
3975b000f8b7bede,32c750fa6d0c250f,1
ad694c68c749787b,2ff5e6213466f549,1
e247e97354cbde06,e4900794ee4765ef,0
ea43573a34334c79,61552bc5791aaeef,1
27f4763ba9614dc6,e759df210000c88e,1
64fc856f002c5438,64fc856f002c5438,0
67ac0bf2f0f9d416,67ac0bf2f0f9d416,0
10d9f53e2db6af0d,23671f7ccc6253c6,0
3d6eb359701f54f0,85724276fbe24847,0
540deb748174cf2b,540deb748174cf2b,0
c7aa82d621591514,c7aa82d621591514,0
e2676c39d0e1665d,7a0aab9498f6dbd8,1
69e12ffd61f17360,69e12ffd61f17360,1
587858fae691444c,587858fae691444c,1
76dd8ff7d6704855,76dd8ff7d6704855,1
0b17f0e7cfbbfb8c,0b17f0e7cfbbfb8c,1
7d24b54c464312a3,7d24b54c464312a3,1
ace4be31864410d7,ace4be31864410d7,1
157e43a45aaf7c5d,157e43a45aaf7c5d,1
a4f8a89a061f569f,a4f8a89a061f569f,1
2140553800480441,2140553800480441,1
4adcb6214f12186c,00da4a737710e8fe,1
5b6535ad8d05af81,515a93f8143c1d5d,1
caa45d79c4e99b2f,3779a5fc80002771,1
d63690c4ae6b8d2d,d63690c4ae6b8d2d,1
f6949c4bb67eccda,628c78aa69a5b54b,1
06d907372453a03c,1679feb3e1835a66,1
b7fb084fe4d9a8e6,b7fb084fe4d9a8e6,1
7fb01023e5457a6b,337fc6d6758a3d78,1
19f821419237f1cb,19f821419237f1cb,1
6a042ff6b84f1d21,19732e04a6d1bf2b,0
a14a83741f82dba2,a14a83741f82dba2,0
da50217b263bd302,da50217b263bd302,0
a58426d964d9a4b3,a58426d964d9a4b3,0
6cfd54dbb8a18df2,a68742b1f62de69c,0
af16bcc2ec5ca748,af16bcc2ec5ca748,1
0b5bbdde49ca0c2f,0b5bbdde49ca0c2f,1
cb35fc3d2b80c53d,b3fdfedf1c209a21,1
cb514e5cbdf23130,a2b8a87bc70b3447,1
24634f156f2e97fa,f3081f59b76ded87,1
6370a1b04b6d34cc,97f133b3e4428145,1
01f556080e22c78c,01f556080e22c78c,1
1295e38ea6fc9332,1295e38ea6fc9332,0
0faed0d6a604e0de,b590e844b903baaf,1
2faddc853df1f0b0,2faddc853df1f0b0,0
23f7b2068eb164b6,210c0ac4736a211d,1
bb7aa3983a586d30,29f967e4755b7caa,0
20ed6574dd42d957,20ed6574dd42d957,1
eb1e7b75d59767cb,eb1e7b75d59767cb,1
ec42d9b84fdfd8c1,1dfef56085329a82,0
7cde9f46412ea29d,7cde9f46412ea29d,0
7038bb63bf658cad,7038bb63bf658cad,0
558614f27626d00c,558614f27626d00c,0
c263e44a5c6d1e76,787b38d92e55f369,1
3ad8feb665b8cc3f,3ad8feb665b8cc3f,1
de83c0dcac1769ec,de83c0dcac1769ec,1
ff914a5c1ab6e267,ff914a5c1ab6e267,1
f2b15d2ffc47eaa2,82d5a1ba7895c133,1
24118afe90b636e8,24118afe90b636e8,1
12bf509ac434450e,12bf509ac434450e,1
8aa0f5372e7fe9af,63308e7e38302aef,1
fb3631dd2c06b756,924dd833d9236e8c,0
2f05971949d8189a,2f05971949d8189a,1
d68998b37c439548,d68998b37c439548,1
9ad74e4d3a8209d1,8d0dc92fc83d904a,1
1e4207d9087360dd,4ecab895bbccb63b,1
4ef51ac7b85b7599,d35c84c77cfec28e,0
c767262ace7e6ff9,c767262ace7e6ff9,1
0d67faa41d754336,abaf0271a4fa43a9,1
84cbcb8e3250d593,b9c835ce0429694f,1
dda5362fdbd2203b,dda5362fdbd2203b,0
b64ab8e0acbc1df7,b64ab8e0acbc1df7,1
a5c805861529c3f7,425902970731c064,1
fe1ec820feb8dd7b,fe1ec820feb8dd7b,1
d6d6c1e8089159ef,a592ca8489e33aff,1
b70ef75ea64848c1,bbe7808ded87968e,1
07ea9ba8c57e258a,07ea9ba8c57e258a,1
035fbaf43f773a67,035fbaf43f773a67,1
f23246688d1d42d0,7f253110b233d3d2,1
e5f9df2c78f7537e,e5f9df2c78f7537e,1
35a13e26136e313d,1ccfacd615786167,1
5c421e348dfd90c0,4b2e2c67b84b8b6e,1
8c5d9160befb90fd,3e7e1473acd3e9f0,0
8d9611e422ab018d,8d9611e422ab018d,0
b0f9294b7e46eb3a,b0f9294b7e46eb3a,0
d15329a872dff40b,d76cfea4f6d083fa,1
681a0eece4760061,99ae0429e629568e,1
562d06d39103814a,36e00173bfb8e245,1
ad5c96999e7d2a5a,ad5c96999e7d2a5a,1
0bc0222eb9f9bfb3,8f0e46524d463922,1
3b1ec9ae08031f5d,8ca383621c890290,1
1a269014db9c3478,1a269014db9c3478,1
5bbd3567afc6fe2a,5bbd3567afc6fe2a,1
5d7c44a07c109eac,ed66e968f0dc889f,1
5d4c9bf5f937e3dc,5d4c9bf5f937e3dc,1
b41351da47534bf4,06ade5ea43143221,1
2045d2a96dda27cd,6a658dcc6938c67d,0
a905bdea84e69768,befcddf45c40c444,0
b0769fcb0dc3100e,b0769fcb0dc3100e,1
a3952e25bc89c261,a3952e25bc89c261,1
b2d9397f49b09fe9,b2d9397f49b09fe9,0
6461e55f729faf33,65749343ff51f8b1,0
5eeb5095e63a58bb,5eeb5095e63a58bb,0
d4169a5c7a42524a,d4169a5c7a42524a,0
bb16fd30f1cc422f,4d938dc9418cc4d7,1
89df35ee0510994c,5f851be2b36baa16,1
1bfed045a73c31dd,1bfed045a73c31dd,1
de3df97ab1f64415,ce5d34e7fc724463,0
6a815b9c208a3873,5e48af5613af9708,0
42c7adac6169ee4a,3ba2809a9ef7533d,1
3f11c9482700477e,26ad86abc5b243a2,1
290f450fdedc528c,00c03c9d5834c8ef,1
5637387d6696a8c8,771f2bba9e49f291,1
ae3827e2e60b0ba5,ae3827e2e60b0ba5,1
0c969e2128925b6a,0c969e2128925b6a,1
4478352758cc0cce,3504a4229ae512c2,1
7ef919ff127ae8db,7ef919ff127ae8db,1
a66f7d08cb973938,a66f7d08cb973938,1
bf873d5b35e13417,4a6a4da1ed4a0771,1
16615df290929c4a,16615df290929c4a,0
951b0ca0b7874275,7813335e6e8b7d64,0
db3cff1b31735004,723a0933d2a22d3e,1
5196b81bf3eaeca7,429c0ae54f27ab88,0
6ecafa56acc927b9,fec566b7ce06aa3a,0
af69ac7a165c8c0d,5ff2a2c6f27b8af8,0
fcb231cf3ad1b7cd,13aabdadeae6f415,0
25726958b4dfb87a,4d159c124e6448db,0
75cfa56cff5efbcb,724ad6287f0def88,0
ee4ec5fdfe6f5034,ee4ec5fdfe6f5034,0
6474ed1822fa96cd,6474ed1822fa96cd,0
afe085be35f78242,a200f526aa74616a,1
1376da0c56365bed,a049439b4be98a33,1
d95ec778c72116a1,350a85880f6da1e3,1
72d2892e8685897e,a83205363477b47a,1
600a6a20a5afefa5,600a6a20a5afefa5,1
af695c308b943f76,c82bf1a9df48e1bd,1
1c90641e7c0d3a78,1c90641e7c0d3a78,1
d5b83415aad62fd4,7458a351cf3daa89,0
b922b138cf0d9e05,d545f991576dbbf9,1
669ac8d41bfd5575,669ac8d41bfd5575,1
65a9f957bed647e3,4187fd4bfabba8ba,0
1d4222d3418e1210,1d4222d3418e1210,0
8684336bc864fb3d,3b60b0849b07498d,0
ab46f3d2ac7e4b6f,ab46f3d2ac7e4b6f,0
9395764de21d6a3f,9395764de21d6a3f,0
b2806311e0a637dc,b2806311e0a637dc,0
0107dcaa2e5ca574,0107dcaa2e5ca574,0
a25a6e0cd7be5b04,2c3d41d5ca72947c,1
8fe9473de1abd06a,e2f4c1d8abce5a94,1
e3bc9c1803da9076,e3bc9c1803da9076,1
7b1dee79598a1df0,d3fb2e394c2ef92d,1
1834a976a66d4b45,49091714bfdb4562,0
7e1596c1f0a3db5f,0395bf8f45eb4b77,0
50a1fac73a4126f6,50a1fac73a4126f6,1
2d43337893bee7bd,2d43337893bee7bd,1
0c14fe07eda8ef28,d90bf9ca8a48633b,1
5a99794318dcc884,5a99794318dcc884,1
09f9932b3ba66405,cf03430d507bbcef,1
6c6a48da4d8f7eaf,0056eec7566b072b,0
e7dbf1bb2d414721,bece879737a61234,0
4db97506fb8fef59,abb74b05952f63f1,0
bf564b4fdbf9cdb6,1c5f2e57b4449a0b,0
038793791079c5f3,7f6167d80b9fb934,0
bb59c7629b2b8b35,bb59c7629b2b8b35,0
f0830cdcc4c706e6,f0830cdcc4c706e6,0
6db63f0e364bc0aa,da891e8b3f803e7e,1
4892fd153529fe68,4892fd153529fe68,1
48e89369fc76d17f,ed0ddd9eae73b44b,1
e2cd43f4f77c1845,5f2294c162472dbc,1
6818da01b95a6060,6818da01b95a6060,1
2ef703ff2b4f0b7d,1dfa9f09b4ec0b64,1
d5c0959d37881840,d5c0959d37881840,1
d1b49e5f10d2db8e,7ce994b1f98211c8,0
716fb3d758e148bc,a6c5227e3707519d,1
15a877af630979a9,16f9413010c160f9,1
c95c88f64af2e3c6,d14f41646b9aff00,0
6b319fba752acf7a,6b319fba752acf7a,0
09e4c81387297526,09e4c81387297526,1
6cb17a1f7d0f383f,ecfc91205309ea76,0
b3a8b93078fe91dc,b3a8b93078fe91dc,0
f364b7e0d409f5bb,016d3b2853088600,1
1f057b35cf958402,1f057b35cf958402,0
27d0271bd7a6dffe,6e047da90e4dd3a8,0
b299b9fabad99c80,93001e9c0a92c1e6,0
6f96891947286795,50167a25eecaf079,1
811369a12e89d07c,9063d3b32e628489,1
f1f36748bcaa9022,70657de82dad123d,1
13a21557496c8d92,bd6405df0496a9b4,1
6c47dfc058163bbc,6c47dfc058163bbc,0
7793cdd4e14f3c59,7793cdd4e14f3c59,1
17fb75548ca8042e,17fb75548ca8042e,1
419a686da855e193,ec5ba167009e4620,1
3ff8d577cd33748d,3ff8d577cd33748d,1
30fe996dfeddc246,30fe996dfeddc246,1
e768aa823ecc8803,e768aa823ecc8803,1
82297cfe80cfb518,82297cfe80cfb518,1
829478d3f4009027,829478d3f4009027,0
e1fdcfe2b088e691,e1fdcfe2b088e691,0
b2714349c0396166,6347901484f37527,0
924e9be23950703d,f4ef7e2c0841b32e,0
cab67385d86af7d8,d65af86fb072b49f,0
c18e5b89de4caeae,c18e5b89de4caeae,0
09949d9ea98a8a67,d9065a460491d865,0
636ab63c85fb2999,44b7afd8ab1118ed,1
a74b715ace2e628e,3b1aa9013a61e2e4,1
faa7fd80dc15613f,faa7fd80dc15613f,1
40703ad66ab767fc,40703ad66ab767fc,1
7c156cb4456193cd,1bae50504a77c7ac,1
7e23d88104a76435,7e23d88104a76435,1
a6bc9389a090c1d7,65989082fd5a9bb1,1
71684025e0da744e,963cc1228aaec687,1
03eab6522b7bfe29,583df1f332cd3767,1
977419bf29bac847,0122f6ce65d4c46a,1
95b3f645ee73b0a5,b2a0527becea6f0f,1
c3f945eaa1d073de,c3f945eaa1d073de,1
8fb8015ec32a4a5e,6a9ae79521e906ef,0
7ba90ad13109481e,7ba90ad13109481e,1
03d7c78ae9a30bc1,03d7c78ae9a30bc1,1
240effd569c2eba1,6d55f0b708969e45,1
bcedd0c2d98f8cfd,b0744e3ba3165c63,1
25cd0ec1d85cd423,d92c5b21d257bfa7,1
1eb9b3f4af2759df,1eb9b3f4af2759df,0
5272d80a405b0a04,2f4940755cf7f065,1
3fbaf799a3f462d3,90f7cf9f3117d720,0
6816ddffc5d43dcc,67e9159c4f19096b,0
28f57e6a216ea1ee,528b81673195ddeb,0
bae60e6a3a82d025,bae60e6a3a82d025,0
16ddda003e43d4b4,68624f884dec868b,1
c9cfd5fee77b5466,9af1f6752f62ca91,1
83ea3162b1c07a6d,83ea3162b1c07a6d,1
a09b3de91c534556,a09b3de91c534556,1
ea74da457721d895,ea74da457721d895,1
f3d8f938eaddbfe2,c39773f00b8044f4,1
71db22a9734612e9,71db22a9734612e9,0
fa733bf1a31cba17,58c1f954762411cf,0
a8e7e3951b09f173,a8e7e3951b09f173,1
48f5cd56de2f6d19,191bef74a088785a,1
f5384d7e5a19c09d,2231fcef8345a3f6,1
0c3996f63742a66a,3c2216d1686a9bd3,1
9f331e80316a0113,9f331e80316a0113,0
ba553c050728498e,a184b122ca63ba80,1
4ebffd969a3f0ee3,4ebffd969a3f0ee3,0
3663b5571e44cd67,3663b5571e44cd67,0
fd44257cc690abc0,fd44257cc690abc0,0
43ca44d0eb4a4340,5632e1525031702d,0
7cc8b722c90c6f5d,7cc8b722c90c6f5d,0
34ed2f4eda5f31a5,34ed2f4eda5f31a5,0
b663ae35eeb01352,f4c19dcd27fecf85,0
f7fd81706659a99f,f7fd81706659a99f,1
3cd0bc5ced79040a,d53d64ee26400e7a,1
0cd0ce2028a9491b,0755ff90a9c72576,1
2c3843a0d11ceba7,2c3843a0d11ceba7,1
cf525d74e47e7c65,efedc8213dfaa70b,1
349b8031e86bb048,349b8031e86bb048,1
6e83ee450f430f77,6e83ee450f430f77,1
5a32bbd52e178ae2,3c6dc9d83370f26a,1
84269d7207186d99,474df169d26b50e8,1
be415b47acda955b,6ec6b7fa99bf5d47,1
2fe285ca13bfcb9a,2fe285ca13bfcb9a,1
1fad0e0084cd873e,d4c0838dc99d4bc5,0
ceacbcc22eaeb222,8dc4d59a9dc1bf26,0
32d1b30c384189ce,0e78c3f0238ffbbb,0
5491f71782b5e83a,db71a9826455ecdd,0
2e8ade7eae77c438,8bbde3c11a714538,1
9da2f01ff8420d01,9da2f01ff8420d01,1
03ba392e0444d54b,69d8ff9c495ea218,1
0cd27c8fbfff9675,0f788d6446aee1c7,1
c2a9498e194e110e,c2a9498e194e110e,1
81225ad90dbc4afe,c284084b4cddfca8,1
1ec3a89d98712821,01f84c3b15e7889c,1
f131b0e415b4b816,f131b0e415b4b816,1
618c0a0cc3fb23bd,ab9d478daf1d49b0,1
6dbdb637202fd3d1,5acbbb901680e470,1
37c8a416ae280d80,ab29b0e83f9dc29e,0
fe63f3fe85c5cda1,64e00856ef1bb2a8,1
8abd4ddfbe0996aa,373a86beb55a24a8,1
f52cb1c3d341b2ed,f52cb1c3d341b2ed,1
61f6d8b904ab16e1,61f6d8b904ab16e1,1
64d266bd95eee61c,64d266bd95eee61c,1
06acf323fd36aa24,062227a813b5352a,1
b3478389d7f46975,800399065279dab5,0
df1d10ab180035af,e645d344f6db1290,1
4b052c276d93a712,e59bfcc6d5ac0c85,1
9b505892e1c634fb,9b505892e1c634fb,1
a27acbccef9d66ea,a27acbccef9d66ea,1
38b9290b2af34483,7b0b83adb3e5e1e6,1
6016cb5fff38596b,44e30830c450030c,1
af4682809ff8c2c2,6a1ea6f2da79d2fd,1
19cb5eb6aa0f51c0,e620c2b3a011b02d,1
30200e07de2f2f5b,78710ef8e4b33755,1
78b90fe5fc0d9b42,78b90fe5fc0d9b42,1
ad4ae525a1ba2b47,ad4ae525a1ba2b47,1
9a8756afcfa4a9c8,5a8817f4f1656004,1
0947df36b45c6d3c,0947df36b45c6d3c,1
c95f07e5663be514,c95f07e5663be514,0
829477c055c38c99,29157bbd19d770b3,1
3807ddbfce06a756,3807ddbfce06a756,0
0f306b016e8baf66,553381b455f8b16a,0
f7a3079038b965ee,742824d617ef7212,1
01cca35bf60df916,01cca35bf60df916,1
118aab1eb7b3d523,ab31414989684c1d,1
132d84ccc41b0bb5,132d84ccc41b0bb5,1
490710f2642e5f74,490710f2642e5f74,1
cc6453b4fdfc4ebe,cc6453b4fdfc4ebe,1
336d60623fa98264,be89e390289d1b47,0
0ad0da9f3e7a6887,e562669581447c91,0
2b09d9dd4046c817,c31e15d1cfa21d4e,1
cb86794b33304aa2,cb86794b33304aa2,0
7d309707bd0b227b,7d309707bd0b227b,1
7af289b9ee415760,ce5af15c2181ddaf,0
c6bd68206ec533d2,ff14bc4f362f250e,0
a05176ff25b1651c,a05176ff25b1651c,0
7a93e5c797dcc0ac,fe81be63d82a449e,0
53f1874b23b6f8b9,583ed3e4ffd32e2c,1
e0d8e3a2256f0d14,d0750a1f81b45af7,1
9dac3112a00e94a3,9dac3112a00e94a3,1
c9492d0624b46b68,6e04bab305a8eb02,1
86dc15165c6e2f8c,86dc15165c6e2f8c,1
e8efee800665d508,a08f1815865a7c1c,1
cec912c6d6dc8084,cec912c6d6dc8084,1
635dfb348c0f94ac,d79fef47dd697250,0
556921d66316643d,09d62f203b9e9d94,0
f53e59c8b654ec53,96c4f066b22d5650,1
6bf58bb9dbc348dd,dc195e47fcf88275,0
a5e717f632186b3e,ee2bebbae36fb3b0,1
61d17d3b46f1feaa,d3ff1f19991a8ac2,1
86110a3315b75c73,fc56275bfb41c231,0
ebc7f09fda22fd3c,e4147f4719560eeb,0
2374825569080399,e7695f36cab3943f,0
6af99eaa5d62e7e9,6af99eaa5d62e7e9,0
34eef304f3edeab0,458b92ab18d33750,0
b9132009d5677734,98c10c1c9a156364,1
918a33ada2a0c159,918a33ada2a0c159,1
aa085036d69b089e,9c8730d0cc91e1fb,1
767e9860c75ba8a2,767e9860c75ba8a2,1
92ecba19e7f5025d,92ecba19e7f5025d,1
f85ac5123b4f68cb,f85ac5123b4f68cb,1
29e82bc06d2bf52a,80228083c7509719,0
6742f8ee611451bf,6742f8ee611451bf,0
294e90d66186884f,be0b70b53631f137,1
bfa4aed0e5c44fcf,d2358b17ee68bbdf,1
c3b45599e1b937b5,c3b45599e1b937b5,1
e1b0ae17781a5cda,294d373ee951d0a8,1
ae2ec8ac8e1daf6f,ae2ec8ac8e1daf6f,1
87405124cc26d27a,b272dabbc3d6079e,0
ca23611aaa466166,ca23611aaa466166,1
b0444d779812009a,00c9fb2688e88b00,1
820a146a75b9daf6,820a146a75b9daf6,1
fef8e7f18b0b3c46,1fe0b84bfbae66eb,1
401e3dbf978991b7,21ab313496fd76be,1
9b800a24bae2c1c3,9b800a24bae2c1c3,0
9fc55a39b2f70e1d,9fc55a39b2f70e1d,0
8d862b33b024fa89,8d862b33b024fa89,0
42d08e79987db129,c7fa8a1c02ce0931,0
6af9b478d760962b,6af9b478d760962b,1
a75090a0b33a5da5,a75090a0b33a5da5,1
3d116150c0083443,be4446e4e5dfda83,1
eb915ee135364d0c,eb915ee135364d0c,1
1bae812f570ecce5,b259d72a8a099e4f,1
e05c6664ae99abf6,16bc66d9908e6d2a,1
7e43e1a37afeb529,7e43e1a37afeb529,1
f8448b85e8351539,432e50b4cf5ca2b2,1
8f22714cb68c53b3,56c8468b161d0abc,1
581e3d956b836d2e,581e3d956b836d2e,0
c4353d0076921dd9,c4353d0076921dd9,1
20d91b382ff39d60,20d91b382ff39d60,0
247c92f3ce194db2,247c92f3ce194db2,1
d2f0d4dac1d44f6f,d2f0d4dac1d44f6f,1
1dad2af198e42e6a,1a585e0d1ea96d20,1
1fd7b3cafe3d409c,1fd7b3cafe3d409c,0
d33fa02714ba8df7,f63e457043339ac6,0
1b5acfd7d228ee42,1b5acfd7d228ee42,0
8e9fb85124c7cacc,8e9fb85124c7cacc,1
c9d06057bfea1845,c9d06057bfea1845,1
95ce7bc3233bac81,95ce7bc3233bac81,1
6888a3c265a9bb00,3dde957f4c5221c8,1
66081db9569eb5a7,e7f2350bc2b5be9e,1
cd0125c78f6d5cb9,cd0125c78f6d5cb9,1
97d142f0dbdf5fae,1ce5cd58f6c4cf06,1
dc9130c56a1a12e7,dc9130c56a1a12e7,1
0e7b9da566243d7d,a453fcf235f3af72,0
695bf343a33eb30a,f0ef0779e6827cc0,0
d21241dab6551ff5,d21241dab6551ff5,1
d6944c3f200b758a,ce6e2aeba6bdd7ce,0
aa6e5b330f64b452,9c4af4afce92af11,0
3b1d35cedc09e2e5,6913b39cee7b7cce,1
65f26dd86abdd888,92d5b7881141462e,1
7669f867c21bde92,8985cb5f0a8c1ea7,1
d5788b00cef1deb6,c84030cfbdc7a894,1
24f6fbcd3dccd529,9481c5b400a40026,1
f91c304fa6965c7f,7de3963410f1ea02,1
9de9e4b97b7dcfa8,9de9e4b97b7dcfa8,1
59a1929a1a1518a5,59a1929a1a1518a5,1
388ae19513896f60,ade19e4ed2453c94,1
2eaf6f8d3c002772,80e8d44d51c2fb3b,1
d0df2e487d2e5312,a78b6535d82ab798,1
231165498ff11d93,dee741b89d3f440e,1
01c6d85026a97a4c,c982b8bedeb5d584,1
de2937f013048077,8009c1bbba93ac52,1
dbfe8580c956c76f,d03ebe7d51562389,1
3d6bc19a3cebda63,6b3f884cf8cb3335,1
0c2f769ed879bae0,0c2f769ed879bae0,1
491e917b9ed8180e,a7e5f6ee3232ab49,0
316e2211aefb791f,316e2211aefb791f,1
8bceb162a75cc306,4b30c80f2f801f56,1
fb632653ef31d84a,6c4565d78a97bd6b,0
253ef07cb230ac82,46ad9c07d3ea53b5,0
0c59c51c2d0fbc9e,6def349a8613f6d6,0
1b94d66f61d0f71b,1b94d66f61d0f71b,1
c86b7c5a51f5aa3b,c86b7c5a51f5aa3b,1
bde029b0349a5acf,bde029b0349a5acf,1
f62b8250a677be4d,f62b8250a677be4d,1
8799c34e6c9d3d94,8a03784a215ea478,1
4fd6bd8b2b787af7,42d480b0db56257e,1
6c9f215c81bf53c1,6c9f215c81bf53c1,0
94efe2009dd311ae,74356d998af580e5,0
3b4810c82e8f1f7b,3b4810c82e8f1f7b,0
705b56a5755d00c1,705b56a5755d00c1,0
3de3b9745a2172fd,d9f7051ad43e5b6c,1
e5d7be45fb5e0147,05207baeb140c4b2,1
3840195facd9e247,51f4a2e449ba5a3c,1
d12e98089ba8366d,d12e98089ba8366d,1
a695cd6d90d29d55,a695cd6d90d29d55,1
92755c49b2f2b5b0,92755c49b2f2b5b0,1
02c0221c72f3f753,02c0221c72f3f753,1
abc1820224e26b02,6941b0df369fa774,1
676ab1cbdd48f118,676ab1cbdd48f118,1
35cd6b3367f111f4,35cd6b3367f111f4,1
87328973c7a0c352,ca469ab61bc6de66,1
708a00fa73937567,708a00fa73937567,0
f9c48a997366f7b6,c7a891217439b648,0
cbeab40b06107429,60124f19dc1fc1f7,1
e17f0d8cc439627e,0a72202d1d93c213,1
cc19b60affa90c75,cc19b60affa90c75,1
5f4d1f331bff4ee4,5f4d1f331bff4ee4,1
05a4e00aaae29d3c,05a4e00aaae29d3c,1
88f476d44115dd04,531bae459f3ff9e0,1
be4ab717cb59b2a6,6bb095b5bbd126dc,1
2fb44eb78daabf5c,7aae957ca2f119f2,1
bdf1cd21bb0a4932,19322b71c26d06f2,1
6335271c3735202b,5049da7b76b63970,1
3d5d41c3a89b07aa,3d5d41c3a89b07aa,1
6b5d66d8ef17ebea,3545ff6231f9593a,1
a97f560726cc5183,a97f560726cc5183,1
c0cf624a97f55bd3,97144d7f5c726eda,1
64a5fcc56edb2968,bf1620abd4ae2183,1
3fe4cd47df1a1bc7,34a91d7f223cb178,0
204202f6d0fd3d45,ef9647cb3082a230,1
355b5c7679715250,355b5c7679715250,1
d17c796ece90cb72,9d8750d6453b64c1,0
7f7b9d3c6d5ad4e4,8ab78f597321bf39,0
3432f467fca84375,bdd0fc5d7bd3437a,0
fea074079c97d5be,1bcc1e5d8f5ced75,1
7e999997616c46e7,7e999997616c46e7,1
2182071c4e55c13d,fa4bf91d82852ac8,1
804b4b05be493f15,804b4b05be493f15,1
5bcde8509f83dd84,5e5fd02093f2c762,1
0a3c6ace8e4cf5fc,0a3c6ace8e4cf5fc,1
1f4a5ff5caf62c86,d74f0d267d9b5883,1
4895f7f813db9ac8,4895f7f813db9ac8,1
52649da94529dadc,a71c49afeb5f998d,1
4a31b4ea20954712,36c235f684039597,1
7fdaff83116eff31,aed0c731b659af42,1
9f2d8160f16aab4e,440293c1bd40bc82,0
a0da030e4c80b4af,a0da030e4c80b4af,1
b63e3f88ec540125,b63e3f88ec540125,1
c504a85460cde1ba,c504a85460cde1ba,1
66d6a81bf1724b89,66d6a81bf1724b89,0
a8a2eafc85417995,152756d99edf2df0,0
2e96f59e69994fa8,fe4e0b72ceb5062e,0
9163dc4c3dfffc37,7e0b0d726e6138f6,1
52edb250a9452bfd,52edb250a9452bfd,1
47f6944381c8fb58,47f6944381c8fb58,1
68e332dc43e70116,68e332dc43e70116,1
19379b555585b04a,19379b555585b04a,1
e05f4e1b425ad2f1,e05f4e1b425ad2f1,1
8ee024189af85538,d7c9604beac61ca1,1
7ee4c443f585f38f,4948089a95f5cd1b,0
5335d03222bdbb8e,5335d03222bdbb8e,0
442dff06bd960b95,442dff06bd960b95,1
de68f055aaf6e12e,de68f055aaf6e12e,0
e8ba2555fa2f3c21,e8ba2555fa2f3c21,0
858e9d0cf1739538,858e9d0cf1739538,1
25896ef8112e1ec6,25896ef8112e1ec6,0
9581b21f4821b213,9581b21f4821b213,0
3bd811eb7287b387,3bd811eb7287b387,0
4553b26a7ca14d29,4553b26a7ca14d29,0
a3fb78e8180037c8,b277df2783bb45c0,0
bd5f28acaf0da224,9980b1afd0baa863,0
41fa6a4dd61ec31a,472b72e4cd3c40da,0
b948ac7aad284c4d,b948ac7aad284c4d,1
2b4970ef89de281c,aded0c6418f82ba5,1
13af6f0d7a2e1333,13af6f0d7a2e1333,1
f1dc84675f1ed900,f1dc84675f1ed900,1
fa83774481294f87,fa83774481294f87,1
43a50dd4cf3337ee,1649f7458ba7ee80,0
e3881eb3a240da2f,e3881eb3a240da2f,0
849341492fcc51f8,e77b6235c418e57f,0
eb7cd6f4ee565a10,eb7cd6f4ee565a10,0
2d2092516a5eb60f,ef823e070abfd1ca,1
46394658a3ccc570,46394658a3ccc570,0
fc69548cd8d76ce2,fcf475016ff4d06c,0
80385b76555f1ecf,54a4d596c2188b3a,0
9b6bd86befa73f77,e97db73389996a8d,0
3a0afc1bfa8b8c53,3a0afc1bfa8b8c53,1
d383f9c31ea93cf7,c022ed20287a0c1f,1
0f3ed7430cf79ab7,a956a09a9f678478,1
4a5f891e260cef6c,a991d785dffe3ca4,1
b6bc8b0f25fe79e8,b6bc8b0f25fe79e8,1
d83d21373a91b177,d83d21373a91b177,1
f840b89dee41e10e,701ca2cc435b2f82,1
59b644873d712a17,f51312b591a28352,1
483dd7442b73ebd0,790dc10985ad650a,0
0dbc654456b865a4,0f56b6afa7fa78a6,1
034415e9d989e1c7,1cfef90b86dbe21e,0
a24a2fc8b58d967a,280dc1bd05ccbc7e,0
57b96d2f0f8a6029,da10f0f4c88ede87,0
5fa51d19eb90d3d8,5fa51d19eb90d3d8,0
fad98ed1334525f5,c8880a1d84c8923b,1
e71aa29daa25541d,756f2ad5fced4f59,1
7651b761c8897e47,36a9e7a3c42ea543,1
1cf35019fa3a5eb1,22787b0bd4d18878,1
dbef9db5933e2b4e,d5d6735f4f576e13,0
35186f1d12377eda,d22accb61f63f5ac,1
99d7e76264fdc556,b91dcbd9dbbb1965,1
4c66f3f96ad1b024,4c66f3f96ad1b024,0
b6005c4148bfc989,c9d09194641ebd86,1
6151afb6bbe1948d,3524e01b7aec17ee,0
78651a741218b1dd,78651a741218b1dd,0
004c36df77ee31ac,710a1a664c854897,1
dae341b8729bf85d,dae341b8729bf85d,0
bc9e2c2fc4732212,bc9e2c2fc4732212,0
579ae53ceff1597d,579ae53ceff1597d,0
0db44936ce834fd1,3c3141ae099514bd,1
2e405f17927106b3,2e405f17927106b3,0
dc11351a4a1933c8,c37c54e078228620,0
45bbca35ef5a4a0d,45bbca35ef5a4a0d,0
54fae6bd4e384cae,54fae6bd4e384cae,0
6699d41b03d20ffb,b3c0cbc1974ae1bb,1
851ca1455b5e077e,851ca1455b5e077e,1
9c07cebf0a1e148e,dc3e7b79be3ff1a9,1
5597c0abd4a4499b,5597c0abd4a4499b,1
6f48824d85c856cb,6f48824d85c856cb,1
a97b5d51999200ed,6b9b7c3074165b21,1
73dcbfca692c9e4d,73dcbfca692c9e4d,1
8c67d06bbd296ad7,8c67d06bbd296ad7,1
26e7d7f6f1545113,ea9bde19b85e7216,1
dd17febdd4297e90,dd17febdd4297e90,1
4471c1784dad7b37,4471c1784dad7b37,1
53f19ffd5f9018f9,53f19ffd5f9018f9,1
d2c215e87daa26d0,36dbb6d3fcb244c1,1
dffc41d7a7a85982,dffc41d7a7a85982,1
4276452c2e340e5c,4276452c2e340e5c,1
9377d0373b7ac5dc,5b9d5d5c2117bd9f,0
53801f183b713d72,b86ade8a8bc5d055,0
7f67fb489d1f40d5,7f67fb489d1f40d5,1
b4f7e1aceeed7098,b4f7e1aceeed7098,1
33bc826ad0fe2280,33bc826ad0fe2280,1
bf072056577d0ecc,bf072056577d0ecc,1
4a67e6e8344a235d,4a67e6e8344a235d,1
39efe768f1995459,39efe768f1995459,1
96e52af45f881358,5cc19154c60e486c,1
36c8d016f90837e7,36c8d016f90837e7,1
e67059544803be6c,e67059544803be6c,0
b47e8bb4fe69d7bf,419f8c806caa9d59,0
434eccfbe667d6b9,d5479ac438319074,1
aefc04d971277425,73dc8f7c3ddbae0c,0
15694d33757d8dde,15694d33757d8dde,0
de1149bdea9cd8f6,4d07651f1c5410d4,0
fc88d243cdd4691c,fc88d243cdd4691c,0
640f88ccbfc895f1,8fec32d52c1a472c,1
f8edb67732cc6f3f,f8edb67732cc6f3f,1
3c544b860122937c,3c544b860122937c,1
e1b50af12333f783,b3f24a935deb7eca,1
7daa036c7f689bbb,09e304f9b8606534,1
ecf801903ac58a68,ecf801903ac58a68,0
5f1c56cda9068489,2e1d86548522b12d,1
20674c19b7c7ebba,20674c19b7c7ebba,1
430c1f976c1706fa,430c1f976c1706fa,0
5616f22665cdb3a3,5616f22665cdb3a3,1
c41fc6341a6c23c2,4292ec7416c37f00,0
1fcc2268d7519d85,1fcc2268d7519d85,0
cd82b5ab00e2854a,0aa0e633ff8f58e1,0
9034d73bc8edfbda,9034d73bc8edfbda,0
4b8d8c9d3bd01eb6,4b8d8c9d3bd01eb6,0
9a28a0098713e1f6,62dfe42efba1d123,1
cf353e25169c250c,4c115fa8b9da9735,1
59fe30c94e6c0277,59fe30c94e6c0277,1
1119543be7d69d5d,1119543be7d69d5d,1
5f5d79f88cded48e,5f5d79f88cded48e,0
f0f475f84d55dffa,6a4fb7f081f0756e,1
2e87ae782e72bfe6,0b602d41b535da9c,1
9b5c670bdd51b22c,9b5c670bdd51b22c,1
ea5f9d8d90ff7997,e5af0900113af072,1
a12036ae5d90c888,a12036ae5d90c888,1
a671827041db4094,b2c8d27019091650,1
bbf8ca4479e354c8,bbf8ca4479e354c8,1
e3fda0a6faf8de58,78a15f465464774b,1
94378c3bf5189135,5a18ffb69233e8a3,0
c341d2dd68fbd99d,4568e9f860b57faa,1
c5855e870f5c1a03,c5855e870f5c1a03,0
d8c20a8ee2d7e6ee,a26c6c9e2fd98daf,1
7e28cb3c4782c779,7e28cb3c4782c779,0
e677ab1fde73fcdc,04ff305b962acfe9,1
c50e8e5026659596,c1a3466785216bc7,0
82cbacb6b1cab809,c50bbf4282f3e929,0
50106e7a0d6f60d2,50106e7a0d6f60d2,0
886ca441a22b6ec1,886ca441a22b6ec1,1
b307bcca7e676345,b307bcca7e676345,1
de8fc63467361454,45c1f5a2e9692b7b,1
5c22308e4839d6b8,e2678a14519a96df,1
1abb80eea8bdd338,1abb80eea8bdd338,1
976f23a54fca703f,65c7b651d56605ec,1
ce6d37e05591c244,ce6d37e05591c244,1
e8c1808bb0a6bddc,e8c1808bb0a6bddc,1
2e5e2f6d1f5b08e1,5aeed92d63593742,1
85c89b9116d4700e,68ae02dc942de3ec,1
1646d7cc1ceeec91,3e1d41a1c7fe7225,1
455d94e51bc7f035,d492745760f89673,1
8803d5a279fb6c4b,192973673f0d330a,1
d54a8240567b79c3,868263c0da092240,1
3ce0d94ea1d1757e,b8d8b83ddf0a5ffd,0
f506d4a9a628a936,8f7ad6f42f81b13a,1
27b331a5941f94e4,e278b62e3fbee759,1
467306560cf34b07,69e101f0bbc98fd9,1
aaf4bffe8a7abf1e,aaf4bffe8a7abf1e,1
8b9809bce7ceb19a,8b9809bce7ceb19a,1
89e18d1228e66236,aeeaf3927b9ede76,1
7470dc1c77d3277d,564e3db5dd035635,1
e419d4ec898ca500,45b81c791c5368ad,1
77117144c737f0de,7d80e6d373e24036,1
359d9d9190b7c369,359d9d9190b7c369,1
fb428a9f20afffeb,5757df0b065d9e35,1
32e24be137659a63,23b013202c818487,1
4ec9d6bb7dc59fe6,4ec9d6bb7dc59fe6,1
52278fd6ee42ff66,52278fd6ee42ff66,1
14c5d0edcc77004e,14c5d0edcc77004e,1
870c5815299e70d4,870c5815299e70d4,1
fd9c558b236fd241,fd9c558b236fd241,1
d9bab1f986b1615c,f9321d8eb8982ffd,0
04e322871719f2f9,070a90acc33c5482,1
2770b708afaca389,2770b708afaca389,1
4f61fa226e990af6,91b3e42e50cf9b2d,0
f6b0146c355bca36,79318b0b4152a058,0
b34e634ec286b4ce,822b3593ccb30343,0
0c8a5c2f8aa9db20,0c8a5c2f8aa9db20,1
3057b0ec02d69659,aac70a1a794d4b80,1
a61c6cae7c2bbc03,3ae38dfaf286d1f0,1
62fd4324b7e16187,62fd4324b7e16187,0
8d6a7eaac42b5bb6,8d6a7eaac42b5bb6,1
de3eece7d37ddd27,c4db213a96da571b,1
96b12cfcf0701fb3,af0a373ab2e185d9,1
9c409b4956691d5c,61cf069a3c0a29bc,1
c634751046b4b337,c634751046b4b337,0
3110b8db0c9f0821,64d8797c03fca067,1
a5fad2c2b12a82ec,616133c7303f3e51,1
da01a6002ec8f097,da01a6002ec8f097,1
0ad23d711fa71814,0ad23d711fa71814,1
cfe15a7122188b8b,cfe15a7122188b8b,1
e0a1e3719cd11525,046b8b7e8c01a6a5,1
14ba2133016b03cd,14ba2133016b03cd,0
3f57bc2da777b9ad,ccbf7376c696dd38,0
776d84224e2e46e7,2b94829ca5dbe288,0
1fc852b4b636f9e5,9de659279f6a6a26,0
70e847313ca2d3b0,70e847313ca2d3b0,0
4f01b8fea2ae1a89,4f01b8fea2ae1a89,0
09e69c285ac4df15,a381d8ef256102b5,0
05ecf6bc878f072f,fb43f68dcaa70672,0
38804ae82cbb0a71,949de6020a93164f,0
64aaa6346282f35d,9196dc42b8c23390,1
543a35f0e3a95106,543a35f0e3a95106,1
570faa11805f514d,6984f94cf0103499,1
005c7c897fcd786f,005c7c897fcd786f,1
45246e37aec7d22b,f6005ec982a43602,1
b7c4a33f73e10248,df2dd54812a67e7c,1
0e312e65444eeef0,828a00b77afee3df,1
5dfc5dec33747c4c,5dfc5dec33747c4c,1
0b752d00e9c48e7d,0b752d00e9c48e7d,0
e2e6d8c21d53f18d,94a70beb8c8961f0,1
877511fa05ec8714,3c4598a916c0b3b3,0
d4fec311541c889f,887de45fb5de5112,1
1fe6add92e5043e3,1fe6add92e5043e3,1
05f8b1d2c8c9f09c,1054f731293b10ed,1
ee4bf475b8c82411,41ac0d8c45810cef,1
d3cb500bb3db0781,d3cb500bb3db0781,0
00903f22ab5b4e92,96a6a53a512705c0,0
df60ce880541bdc5,df60ce880541bdc5,0
82f3272deb74eb55,311ca18c0d722f3c,0
de268d5f8c980784,f3d43acd4b352a4f,1
0bc824460348746c,885cbda855eb4b03,1
1f50af9a5d8df01c,1078f466a2eac218,1
30f6f36cbae09024,30f6f36cbae09024,1
1973268e1856070b,bfc97c75e56757cd,1
1a9a9d6cdf708362,4d1afa804652fa2c,1
2ffc9d9a941e383a,f3848b5d17fcb2d3,1
a45a451f9a4147e4,a45a451f9a4147e4,1
6bc9d7a038173683,6bc9d7a038173683,0
f7e9bfd40800bbcb,caeb3dcdab1727fc,1
4c2ff1eea18e56f7,aef011930d51e26a,1
95876aed749dade9,937684956c894a11,0
43f2460b1f42360d,718418e092f6267a,0
56f1d497c1b6d963,f0cb7ce1a7699618,1
212979a11da40cc9,438647931c427af3,1
d20bec7f0c7d4f63,d20bec7f0c7d4f63,1
12b1ba27fc4afea2,a50ae08dc8161210,1
b276a4f0a44eab5d,b276a4f0a44eab5d,1
3a6e6bf6c451fe3e,3a6e6bf6c451fe3e,1
387d6ee578cf573f,387d6ee578cf573f,1
6b35efdf41b6fe5d,bf1347724790273b,1
61b75a5be6f143f2,62b47ca569c09127,1
cb97cde32bcba549,dc7011ba9662216a,1
ca1e2c70d9407204,26a5875e5ba970e5,0
41efb5cd1a78b707,41efb5cd1a78b707,0
929a236cd8977047,4468e3ba5f52a55e,0
5db29a2a73e27859,3114dd8254a73eb1,1
0d9da62729f44c83,b668eec3275c9e15,1
0970c10d7ddba7d1,0970c10d7ddba7d1,1
54c81743dff9a101,a02ff44b5d298b7c,1
04bc541734a9c9b2,76f0d04cd6ac7e1b,1
ba3fb21499c377ca,ba3fb21499c377ca,1
b6dd40289d6002ee,b6dd40289d6002ee,1
069861b5eaaee893,9473808ed2905e00,1
cf979d413d15477a,6ab84a0b78bb4c44,1
def5f1d5ed6d3ad6,def5f1d5ed6d3ad6,1
8e463f450db836e2,71bacea273687624,1
a390e3aaa1df3ecc,a390e3aaa1df3ecc,1
d451638371d01096,5d19139f527c8031,1
6dbbc8d98e717431,6dbbc8d98e717431,1
b438e14a6eaa0def,6d41286b6ead76eb,1
6191182712a09067,27e5e6c6b55ee6ae,0
3c84c4d6416914e1,3c84c4d6416914e1,1
be74c253a08e119c,bf7a70983d9b364f,1
c4aff0ff44ed3d5c,c4aff0ff44ed3d5c,1
7d596e86a24409ef,60e7355ba166ea2c,1
1a99178cbf560131,ee7b45b8c4e4848c,1
690c256c3a37bc23,690c256c3a37bc23,1
885fa826a0ce402f,885fa826a0ce402f,0
8a6c2409deba2f42,1abb99e6f41622f4,0
ab02d81605c9f88d,1b2fa428310bcf29,0
fbe1236f5f143591,fbe1236f5f143591,0
4ebf306f8d410b3a,4ebf306f8d410b3a,1
a9c5daab789dcb9f,a9c5daab789dcb9f,1
8ae54daef4eca00c,8ae54daef4eca00c,1
44f7c5b8b51aa1dd,0c1fd214ca9c6352,1
fed650d49d6f9ed9,b7f5cbb5ae7dfb03,1
832e8ec9eb4fcd48,832e8ec9eb4fcd48,1
887091d499ed1769,c24074ba81cfa105,1
113547505cec8d90,ca0d25a675573264,1
2b66fa822b2210a5,2b66fa822b2210a5,1
33c4fbf8e0c81843,42a4248c9cfdff38,1
6beff6f5b88fd2f3,92cb7bbd702bcbac,0
adc8af3561754746,2b0e7a01730a3803,1
d68b6759174cddc2,d68b6759174cddc2,0
9f681a4101da4f95,3037fdbf62a292e5,1
8d503a5db18e2592,8d503a5db18e2592,1
afbfd4dff3f8394e,944775c2bd695b22,0
5cfc80e0cd71f300,dd752a6ae2471ef4,0
9fc03d98f039de6b,9f401ffb0fbfe6c8,0
d2743210db761781,3b3ea84bf4a2a832,0
67b1522e699055c7,67b1522e699055c7,0
5fdad70ed140012e,5fdad70ed140012e,1
4089cc4db815cc05,4089cc4db815cc05,1
558d9efbfb92554c,558d9efbfb92554c,1
b79c9c5b8a4826ee,b79c9c5b8a4826ee,1
881dd4c2abec2dbb,d5b582c9da2301f2,1
31b0c5c6485beee2,31b0c5c6485beee2,1
4ab1ba4154b2d2d1,74271df8b1173433,1
4814f179f14a7ac9,5a79f1b41d34ea00,1
021c3a059e4d1b1e,5d1163104d7cea52,1
f843a6762bcc4e2e,f843a6762bcc4e2e,0
c69b557acf2eddbd,c69b557acf2eddbd,0
90e74bab117f3fed,90e74bab117f3fed,1
8deead63c959ca1b,8deead63c959ca1b,1
c7601270d6ffc1bf,5457cf6266960ac8,1
503ddd868831f264,503ddd868831f264,0
3c0d0616885991b3,3c0d0616885991b3,0
7a56d70f385d0ea1,6396ca16a83aaf99,1
b5cff147354ed689,c0860bfde004ffd5,1
5509c6d36d25aa7d,35765c1d7afc1391,1
120ff6b652599a52,10061d525bc4b419,1
2537b01b1829d106,2537b01b1829d106,1
3e34f61c8323a260,7ade8c01f90b4bae,1
63b730745c030af2,63b730745c030af2,1
0c6fc22e7464aeeb,0c6fc22e7464aeeb,1
aefa1712676f84c5,aefa1712676f84c5,0
9e3ae1df8078be8d,9e3ae1df8078be8d,0
ee76780c310ade95,05587444fe14dd95,0
3a3e3890331fb4ef,3a3e3890331fb4ef,0
8e2c0093a8da3b6b,222bc864cebeafed,1
c79a76428bca74c8,545edcdd2dc46c95,1
573c62752368099b,271a388df80fcb6b,1
726aa133b07c3780,7f8a689b581d37c8,0
97a803c494752273,97a803c494752273,1
ebbbedb6cc36e1cb,ebbbedb6cc36e1cb,1
05a4c9a8bed86b8b,d513b58a7e2f50d4,1
d04a9bc520569d13,648a1edec0e7acc3,1
a34882b32cf06b54,a34882b32cf06b54,0
6e738476986f7386,cab4629782980f17,1
fadac19a28e6775c,fadac19a28e6775c,1
f2a51953fedcc19f,a309e69e107b87b8,1
4839338a829f6a18,ed90411425c7e1c8,1
953bcd82e7f71356,a24efd8c38c8c2ec,0
9b5ac2499699efef,9b5ac2499699efef,0
754bdef1584e1adf,90e23f919bd02b5b,0
1a7203364f72fee7,c58f2fc5cde0c29f,1
1fae46aed5bd77ba,4340d64b27b383a2,1
1c9d127771a5f187,1c9d127771a5f187,1
e735fd52651eb220,e735fd52651eb220,1
75508c29304ee5b4,48c595bf40dec078,1
b08147b9b1c58ea3,bde370eaf50fd1be,1
dbf39f824e194ce7,dbf39f824e194ce7,1
10f35c580c7433a1,10f35c580c7433a1,1
62757cf37a8a5e9c,62757cf37a8a5e9c,1
3cb0c6baebf411ac,3cb0c6baebf411ac,1
e4323513a5136e90,90b748c664cdec58,1
9feb23ed59ba2122,e4d552ef8f3f8bb9,0
b7756f7dfbff221c,1223ccf6533e952b,0
c6d159ee3df629a9,c6d159ee3df629a9,0
0ed3e132238d4e28,fbabf912cc45da26,0
87f9a6a7af62817e,87f9a6a7af62817e,0
466ace269f2618b4,73c60a2a9a0c5303,1
ebfd998c89eaeb40,d89b9f726e19cf00,1
3aa77868f8a9dfcf,3aa77868f8a9dfcf,1
9637daef27b50a90,9637daef27b50a90,1
afeee25272a69ec9,406f1aa305559c7e,1
70709affd52b1387,70709affd52b1387,1
57fda7b3f8f7d0a0,fa21adcb17667801,0
7ee29f1852ede9f9,7ee29f1852ede9f9,0
3981209891f142e0,bf3b44aa549d617c,0
8688a6f6643829e9,d049b6a8499339b4,0
11ac3a5140b13d12,4a5822e131c13e78,1
057337f657009486,057337f657009486,1
0a45f93f68e02d14,4ce4020247676c6a,1
cbcb6575a9ce9fcc,cbcb6575a9ce9fcc,1
1212bfc00b61d93e,f109fee1eb68823d,1
6cdae7a3c6b2c46b,6cdae7a3c6b2c46b,1
0bdd8972a9acf00b,0bdd8972a9acf00b,1
9710844af2351bdb,d18e805390946d1d,1
0ebe005a3e42d8bb,0ebe005a3e42d8bb,1
42830e0cb2cbae18,42830e0cb2cbae18,1
0d6b6ddf06643609,c46ef5274fd7ff7f,1
6978701293d81f19,f7d17cfbacefec50,1
cff52a33e6c84462,cff52a33e6c84462,1
09ff02a28e729b5f,e56525e87b13f7b9,0
57fff5b71c0740f3,57fff5b71c0740f3,0
44084225ab29bbf4,62f3c77434ab723e,1
c067dfce0d8c81a3,c067dfce0d8c81a3,0
f67c5d442592ee3d,f67c5d442592ee3d,0
161714fa6e65050d,f063bb08c809af97,0
3ce44ddbb503480f,91003f45c2393b30,0
bbd4f2589895a895,23c0e2431aa8208a,0
7b7840d2fd4a0876,82c2b57cefad1b2e,1
7ab33d03e52cead0,e6a4cdf23b5249a7,1
fddacace4b32b28d,fddacace4b32b28d,1
7d7adaab603bcdc0,b14f11954f6e6cb5,1
ae6ce56aaea7bbc2,ae6ce56aaea7bbc2,1
65017965b272ed8e,65017965b272ed8e,1
f79eba84b29563d5,f79eba84b29563d5,1
232def093a6ff1f6,00bf7c529f1c2478,1
8473fc7c469e9f2e,418f0feb4a17fdc1,1
dfdffbe76e6c13b0,dfdffbe76e6c13b0,0
ce4312ed0a313f83,ce4312ed0a313f83,1
f88e04d698225fda,f88e04d698225fda,1
2c3d511521dddced,fb4af852beaa151c,1
64d65eb766cc3769,4ecddb1037de30f5,1
332e58cd12743543,f3f136f744777501,0
3d5949daed4af9d4,b6b5392d511553bb,1
7064945049391ec6,16f80edbb991ae8f,0
beee23f1295892f9,e65a09c98f2eaff7,0
91956211041ed15b,825f9f3447eb4007,0
a85b93205cd6386e,a85b93205cd6386e,1
f380d67a13e6743b,f380d67a13e6743b,1
c5b7960fe3b3471b,a7d5dbf5359feb5e,1
5cea2937e8b469dd,5cea2937e8b469dd,1
e9be58218d6c3c6b,988e2c5dbb34dba9,1
dd0a93a936808165,dd0a93a936808165,1
5df84cf96efb33fb,5df84cf96efb33fb,1
c5db4e698c1c173e,59f9aea19b602693,1
e77d8ffada0fe984,e77d8ffada0fe984,0
650008f7971f44b6,650008f7971f44b6,1
73a8a712625dbde4,73a8a712625dbde4,1
60f52be8e82d2a1e,718c1fe7ef3fb8b9,1
a5d56f07517e0e9c,2d00f86368e29228,0
74e037e89b11b008,fcccc46fe42bba17,0
c6975e85a5b983aa,520a61abc8c65092,0
fdee340941c9d79f,c4ac91de97ec7956,0
4685bf2212ad70ca,4685bf2212ad70ca,0
755b24a4acfaf3ff,755b24a4acfaf3ff,0
7e56b88762955ae0,453285c5b8d9428e,1
bb195189f36bbb3d,41c223b33462c118,1
8ae899ee138da420,b86080587d852db4,1
c4f8a4922a00f019,c4f8a4922a00f019,1
52330311868acabb,52330311868acabb,1
67cb95b4de2f8681,0341869e6501d277,1
232f12524b7b1030,232f12524b7b1030,1
451ddda7b7127fcd,451ddda7b7127fcd,1
f87478d9a05f0cf9,5a75c2dd9f7827d1,1
d4a6ef640b3319b6,d4a6ef640b3319b6,1
89346ec38ddf0a8b,c8fab47ae42f5d71,1
ae97a822fcbb0159,8d1e2a01d3a61d03,1
67509de9e193a0bb,2a751438544aa2c8,0
217b4eff87434e1b,217b4eff87434e1b,0
515b665c106768c4,515b665c106768c4,0
deadc7d91741a982,345e94973feb0bbf,1
d6a4b71a1e9eaf8e,7801312454cbc483,1
2d612957ee88d4c6,1ccff98edf71dd55,1
555d31891bd8ca0b,16db77d2418ea726,1
8ee0aa181dc3bc4a,8ee0aa181dc3bc4a,1
c7ee4bf231d0ae4b,c7ee4bf231d0ae4b,1
54087ec95984088a,54087ec95984088a,1
4070d031a724f6b2,23bcb6bd654d3bee,0
569fe245c385ba22,447d930bc0d6e88f,0
8a113ea5ea7ab730,bcccbb7653675624,0
d82740d121a40993,254119cb0c800983,1
c69b428269cc845a,47982139fd31688c,1
8dc1d1b0ed55ac2e,8dc1d1b0ed55ac2e,1
dee153e080062ccd,7b0619eed7d775fd,1
a6e4740e8f2ee272,71374debc581478a,1
380c8e0bfe75a428,29a739d59aedb3e3,1
7e0b2b2531cea9d4,7e0b2b2531cea9d4,1
cd2afe1fa1a8c138,cd2afe1fa1a8c138,1
75142c8dcba844ee,a82f8aef15e15a81,1
89cb14b2e0d51f28,e3249a67788e79d3,1
bca664bcbcf1065f,bca664bcbcf1065f,1
721dfd9e9b334e52,c915a91af6b4c16a,1
f20b21532d65839a,f20b21532d65839a,0
dd025a645d29d807,ba6c705d38b976f9,0
612f532bcd4a2bd0,612f532bcd4a2bd0,0
e5c1dfc3a71ac4ec,,1
9aac9ce951c7738d,9aac9ce951c7738d,1
df4070ee1e81c769,df4070ee1e81c769,1
b89b7726b99814f1,0e5da9a4f8330c11,1
512d494e2011115c,42dfff29351c9aff,1
06577f80e6a9c993,f2b7935f9c97922d,1
7f3b7d4f2f785146,7f3b7d4f2f785146,1
2d6869edc9883748,ed2bc9faf928dff7,0
4350f53e5f29d3e7,4350f53e5f29d3e7,0
db0dddf7537571e4,db0dddf7537571e4,1
1cafb255e3f7de4d,6fb196f2b28b4a8b,1
5ef46fa305745cfc,5ef46fa305745cfc,1
e49235082176fd93,62e1344f16628834,0
1c7695fdadd39afb,1c7695fdadd39afb,0
59ec2153b0979bfa,59ec2153b0979bfa,1
8e3d4cd1013fe968,8e3d4cd1013fe968,1
b7e421d045bdc732,eb56b36d0c4b21e5,1
da41d998d25ad122,da41d998d25ad122,1
04a7b7d09f75d676,04a7b7d09f75d676,1
dfa3a9d111e9e65a,5e127055bfee9caa,1
4e7f09730f61b3c1,d5da5ea3829cf5ce,0
37f808f73b0a5a48,ba7ddd445a8c1e78,1
352e4023d8438638,352e4023d8438638,0
1907cd82f009af35,12098ae9d6575fe5,1
1ddbf58fb917fcbd,2b3c6f02e827b17c,0
be1f24a23f7939a8,be1f24a23f7939a8,1
077731044c721bff,077731044c721bff,1
4f8ab5cc061de331,d95b09cf90a99036,1
e51e954e26d69b4e,e51e954e26d69b4e,1
8126300587783330,d51c753a17968df4,0
743d945616939e5a,5feb3ceecd25998f,0
1f388e34b99b1d60,b9f8eb1df4f35d19,0
1a850f16c11afa40,6b15204f3a6ebbbd,0
9b5fd42e9df8fa18,0ccd590bcf529f88,0
f58637cda41da6f9,0cc3e519d8883d70,0
47a1ed086c128eb4,4f142e3edeacccf1,1
c704f4e7bf715db8,d617a895156a2a65,1
f2556116005a007e,f2556116005a007e,1
736e4c4bd2270744,342836ed9f8bd04f,1
3634b837bdabbf52,cb6408ea87c123e3,1
a106a029acde57fc,bc92cab888d7afb8,1
803c1e4f0852ae90,d30cbb6081c575d3,1
5926bb4a17570252,d9304b3652857fe8,1
8530c03536c491cf,359b45dc1cd53035,0
5fc718d340f392f5,5fc718d340f392f5,1
863b9edcc75f9f0b,863b9edcc75f9f0b,0
bd563b64d2ec9bc3,f97d1911ef7edccf,0
d78cadfcf8bd9d70,d79e63e3fb688802,0
41b6606a829a792e,6bfc405e4b68a970,0
42f3ba9f0a53626d,42f3ba9f0a53626d,0
5037ed3615677af6,a42487fb3c8e43ad,0
ab59a4519c9c3a60,92ee8c4ae13c9d7d,1
d050040fbf69d91c,85a5a991b91d3a4b,1
65d6f18df6cd6e58,65d6f18df6cd6e58,1
9f8ffca45013f7cc,9f8ffca45013f7cc,1
1ac30269c80eaa5c,1ac30269c80eaa5c,1
5af6ed29c0a6c890,5af6ed29c0a6c890,1
5dc1199d852730f7,5dc1199d852730f7,1
92fd4bc80e6549e8,a06c411bd9af82ac,1
7da3f90bdde7b0ca,7da3f90bdde7b0ca,1
86a9199bddb53d0d,86a9199bddb53d0d,0
207aadc2193e65d2,207aadc2193e65d2,0
23e4a3aa8176f6b2,e7ae3f16acd3ca7e,1
d7e636c95c13b0b5,2fdf42a2529f610d,1
0a8c58254267f4f6,0a8c58254267f4f6,1
c654c591d3d77857,c654c591d3d77857,1
3e5908b028e0e322,ed312f2cab627f1a,1
3c35d9fc19b7fa43,3c35d9fc19b7fa43,1
3dde634d94959f2c,b7de06bccbaf2c80,1
1dc25e31426c75fc,1dc25e31426c75fc,1
14acb280f9229be6,14acb280f9229be6,1
c853256eea1bade4,27be3ae6c6fc7f4d,1
36b446f65dfeecbb,36b446f65dfeecbb,1
eaa4859f970123bf,997739ea9deacf94,1
d7e696faa34226cf,d7e696faa34226cf,1
74cf05af7761d227,953a835c3081566d,0
7cc81f16e5b37833,3fa5a3f9f3125509,1
0575a28a9eedcd28,2f86c2284031191e,1
c6b05f2ef8f7fa07,,1
73feccd40dcce1d7,73feccd40dcce1d7,0
3e9efbf2c503cde8,3e9efbf2c503cde8,1
ae5060724b0039c0,ae5060724b0039c0,1
52a7617ea7e45512,52a7617ea7e45512,1
ac74c37b35946584,07445f8cfd13bbf7,1
437f6b3a9d34fb1a,3004800c615c422d,0
72b6b51786a212ca,72b6b51786a212ca,1
45dd80361b305567,45dd80361b305567,1
f118584ed0cd4348,e61b3289718aeb74,1
01f0907b17600eb7,01f0907b17600eb7,1
143080004c3861a1,ac2171e5a1c21191,0
698b885902a8508b,698b885902a8508b,0
905fd76022a127b5,6da98be89dd0dd2e,0
7988da624a943d7a,0394091849c3f137,1
904cf27e2ce71390,fdd944184989933d,1
efd4938428da4d16,1faa09a4f25a112e,1
b15f8357ca10dba0,b15f8357ca10dba0,1
8651aadb76683cb3,e1f0a0b4306b89e0,1
2ee5de04233c6bbf,d51f2fe402c9f327,1
60468cad3f37e765,60468cad3f37e765,1
7ea8442b00056c38,d90fd6ebc5c193a8,1
2cc9afce3c462cb3,2cc9afce3c462cb3,1
74f39b81922715b1,74f39b81922715b1,0
4a2d598a54313544,51fff9bde5a1c685,0
842358b6b8a6b502,842358b6b8a6b502,0
905294f725b443b1,ad1d5de8ef75d96f,0
095e82e67105464c,095e82e67105464c,1
e0efafd3aed22efd,e0efafd3aed22efd,1
227bb33e5fdc531d,227bb33e5fdc531d,1
973e059d5d481335,973e059d5d481335,1
e44d60920e622753,e44d60920e622753,1
6491ba0ef7ca320e,6491ba0ef7ca320e,1
b0c85d5e8eac0073,b0c85d5e8eac0073,1
40a0d9d6295f7fc6,40a0d9d6295f7fc6,1
88fac46bfc953c5b,689bb064799f9246,1
f179ad54ff99aef4,9a224e162b2b20f3,0
96f7532be90967eb,00f3bc49ee65a60a,0
75decb5ef70b929d,5a6ed500c8edc67f,0
0532dc9970c85a83,8c22f4aa8e6d233d,0
5cbbfdb3e75a1973,f19df096ab920877,1
065e5f01bc427f5f,74b0e990c706b72e,1
567ac2e35a714d82,567ac2e35a714d82,1
b263ee948a3fc290,84cd50e119be6810,1
c391bc8d72373f2d,76b80b96453e72b6,1
4d8b78e643aeb588,ce60b5546239b307,1
c3a5ec30f05c0fa5,5e64262ab1fe2917,1
67b8397e3c5431a7,57a8961b47dc4024,1
714fc794e368d8c5,714fc794e368d8c5,1
9974052254e62ea6,603c19a523bcdd4c,1
ba485df531b844b3,ba485df531b844b3,0
1f9a2e1e0eaf2f8f,91684e35d26ddac7,0
aa095fe6d7003c04,aa095fe6d7003c04,0
1adafb28be829b17,9486a32a0b5291b1,1
ef621b90ccd12c31,4a2daedd135b5d4e,1
2e1cc752ad0160b0,2e1cc752ad0160b0,1
147b1295e22e2f45,1ac7dbcb45a7b13c,1
1ea88555cec500bb,1ea88555cec500bb,0
3016fb981a4c6f3d,dcc53cec02a3f7bd,1
9d2e317dba2cb7d5,2706c3e85e06eff0,1
da181ce80ae15527,6bbdac93dd50b53c,0
9d7d7a41a122ca4c,0d382679066d5856,1
bfebff84c57445a0,bfebff84c57445a0,0
c35bf555e82535c8,a1d2c00d8607aca0,1
7dd929d36277a938,7dd929d36277a938,0
d61cb4d1f29cb4e7,a9f178c9a9d286ce,0
f610e34e498870d7,f610e34e498870d7,1
d5ccd226914ab488,2e8ad518eef81701,0
e63d7158fe542277,e63d7158fe542277,0
8b5b3637ca9e7766,4da319d621376f9f,0
1a59cef935628574,e957bd7ebddbbce9,1
ae00bf0190aeb1b0,c881285420f6bc3b,1
9575508115ac252b,7b28326fcdb12491,1
711e774eeacd99c3,3d8647696ff69f11,1
2915098734f72cf4,502225bff5d6edce,1
ff241f05908f7049,9f02f5363c24676a,1
448e07278c4dfd58,448e07278c4dfd58,1
a6e1e307a31def8c,e0745320bd3e2f67,1
ba95421d72a59b79,ba95421d72a59b79,1
a5b4ef6f14b29cf3,a5b4ef6f14b29cf3,1
fb70062f3da71bf8,fb70062f3da71bf8,1
8218a8ade4f07141,8218a8ade4f07141,1
581beb1ccfd7eddb,367f63fa6561fcab,1
343fbddf68708bc3,b0618e3431700372,1
54ffa129fd4c5cb8,0c1e940ddb19a25f,1
c2e31ca0746f866e,f57e288c4ffaccb7,1
f8498b3229c705ef,f8498b3229c705ef,1
188acbbd4c940bd0,188acbbd4c940bd0,1
8c34295ab5ecf284,7fdcdc5060288d4e,0
5762d6a24699e3c6,c252a50107efcba5,0
5b01e67e14d29926,11dcb0f83f699e8d,0
f3bc2165ef735d0f,f3bc2165ef735d0f,1
defb761454132dc9,defb761454132dc9,1
fb7365089f270044,ae2b5b5a036450fe,0
a7cfcb56766ca802,a7cfcb56766ca802,1
873dac4acfc31881,873dac4acfc31881,1
06b9a7e4e619b966,d3be4c7779e65955,1
69f64d48e103fed2,69f64d48e103fed2,1
7733a6ec322ecbbd,ed1e55d8312a98a7,1
3967b9a21a68f498,3967b9a21a68f498,1
0e151f205b00477e,0e151f205b00477e,1
12303882430c9054,1a536cea09236dbb,1
2716c55d9169cf4f,2716c55d9169cf4f,1
c18f919d73363a65,8834f4da44a7b3ac,0
77285d9af8505321,77285d9af8505321,0
f79af8e350ed256f,909ced2f38d8fdf0,0
d835eda44b978eb7,d835eda44b978eb7,0
5919bb587df2d621,6a1a7d0c0eac66a4,0
401fc2d34d7e3787,381b726665ef7c73,1
67dab05f3f862a29,020aa85868c09238,1
243942673d41429e,243942673d41429e,1
6ca605080e5e40b4,6ca605080e5e40b4,1
5f740319c9af57ab,1538828a08bf3e07,1
92463cf7e7e3392c,5200ccc635fe97bd,1
f7a27c5dfda81363,84df203bf6b41562,1
80983276c8ad0e15,f4b213a42c26c129,1
924ea747cfc538f7,597f85b8df62bd0d,0
15309726345e3375,6927770dee8431c8,1
37916b560491dadb,1fae1b1f7b4b6b7d,1
4b4210d9f5cf26f2,85a7ab19299c121f,1
2f0bfa1329b36a14,a4ce00545b565882,1
a78dda8d7bee871a,0b29dd8d462aa5ce,1
5781c634e39be799,890c5cacda432ee6,1
c6e92fc0ae9a2406,5225391406b57a42,1
c6c8484605a4199d,c6c8484605a4199d,0
835798b7a20b0f36,0ff4f2b91d732c5d,0
96b69db7b1712fa1,443d32ccfa156658,0
b475439c0aed19bf,1dbd34d48aaf2051,1
0ac64aeb1e785925,37df3f796ab3b945,1
08356f7e9851b2ed,c2b5299c3f457660,1
7d47dea65597da77,7d47dea65597da77,1
dd18246243957722,7bae58f4da4544b7,1
a44e7d2f226743f3,a44e7d2f226743f3,1
857587c249e4a4c5,f460ef0266222906,1
f28e7e4dba656f25,f28e7e4dba656f25,1
c41277e0cc078c7f,e7f1f320f8f14083,0
8448a3042a642326,8448a3042a642326,0
4e94484f98961b8c,10eea09fbf08300c,0
54fd5ca00f6fee07,2ec9b35fcf388095,0
9aea805ac30d1d20,cd7177a2cfbd1665,0
6ffc54773849801f,6ffc54773849801f,0
d0c9a03f2a46b581,946e72ec599add9a,0
100dec468db37cdf,b425dc849e048da4,0
16a7e68458200355,47c30f007a85a349,0
ab32cd1f4bac3f1c,6c0b28cc277b0268,1
379c6112b63a7f89,379c6112b63a7f89,1
9b9ac257eee95379,9b9ac257eee95379,1
bdd330f6c3ee9289,d0d91b37745a3fd9,1
5d1b1a961fb60b1e,5d1b1a961fb60b1e,1
c032b05f02ea54f0,569f1ea1e1e4df8d,0
528abe3c81c0a717,7a5f9834c6227e9e,1
269e1e50c175f46c,269e1e50c175f46c,1
d2e39b1efc489152,d2e39b1efc489152,1
2bb9540b51dc3c79,2bb9540b51dc3c79,0
888b90460be12cf0,888b90460be12cf0,0
b42b06a980032259,b42b06a980032259,0
321bc4f197d53652,321bc4f197d53652,0
eaf30cae5111cbce,eaf30cae5111cbce,0
c24d65d0ce320b49,c24d65d0ce320b49,1
ae261455e22111c9,55da4970743862e3,1
254e2f171e6bd102,f13084c02df0d6db,1
c9d9c1f22f855198,862b01eca2dfb9ff,1
036a1e932ad8642c,036a1e932ad8642c,1
f57ce57ef3772839,f57ce57ef3772839,1
5289d0e6188bd0e3,5289d0e6188bd0e3,1
fd871eb9fd254070,1be148248e5a1f8f,0
2b5cbf4a032455e6,2b5cbf4a032455e6,1
bd85e9ff8cf9a800,582bd3234f5337f2,0
76d14e8da4daa9f9,6d0fd391da4ff6b0,0
019953d6edc3aa56,019953d6edc3aa56,1
0e2a3678d5d6da82,08777c2b4adf2920,1
494be6052aee51d9,34855fe3a4574af4,1
93377dbdd3c43922,93377dbdd3c43922,1
6c876ec99b0c733c,80b81c46cb7922b3,1
48f9549ce387bec4,48f9549ce387bec4,1
adbebf76639cb5ff,c49f229928cd1a2c,1
27fdd8ed44ecc02b,5976279c63311fe0,0
336155e593062582,336155e593062582,1
f0d8ab061a746d43,79276be830b00ba3,0
e09d4887d11c753f,698ff40b97d50ecf,1
891e7948c4bb08da,7fb1f2629d261f09,0
475187c7ec4eed0f,979fb36faa08e278,1
bc9951a7cf6108a0,896945948576754b,0
2864c0621c3cef9b,de81a1edca70dd2d,0
b7a6be347415f980,d488a5ecce218372,0
93d329ac91dc7ee5,93d329ac91dc7ee5,0
ea30f4674b3e02b4,a45bb19a188e998e,1
1650ef58e9b6a0d2,1650ef58e9b6a0d2,1
c670b468590d5dbf,c670b468590d5dbf,1
74427265b2e7a500,95cd31e0a5c39b0f,1
8bad295d84dd514b,8bad295d84dd514b,1
5b01732d8d8b63e8,4e1079df0616fb16,1
dd7784234a6cac62,dd7784234a6cac62,1
67856655016dfe85,762fcd37e21a2971,1
60e0cdddbcfaa3f9,60e0cdddbcfaa3f9,1
67c29af043b05654,67c29af043b05654,1
ac71c2a89ef83c61,1a669866a8bbe077,1
4733d0fe5af286f9,3612ba5d484f67a4,1
20274d8cc3368a23,20274d8cc3368a23,0
7aefcac25aefd1df,7aefcac25aefd1df,0
cc2e5ac04c5442f5,aa02c0cee8e40b52,1
0986f07abb3dd90f,181f9fa80126c11e,1
71c325f03fccf075,71c325f03fccf075,1
ecf0a89c13ab0688,9e3af03511d803ac,1
2c764a9abc0c13dd,2c764a9abc0c13dd,0
793f2a532b6a4744,e8aceea56dd50b0a,1
483d33ac392da487,0205cc721c651fe8,1
b493f3bbc5baaed5,b493f3bbc5baaed5,1
5d553ff0028c4b04,88e88e94da6101c9,1
7e2ff6b8b8cde70b,7e2ff6b8b8cde70b,1
a8516a67b0b9ed04,4f850e983324571b,1
037800d7ebe61742,3cafec8025ad8cee,1
36186e60dad0dc5a,225b1697f6c31a23,1
d18a7f752ec17300,b24927e73c7f8c05,1
7eefc66f5de8d78b,7eefc66f5de8d78b,1
f8d42cdf85cbde8e,f8d42cdf85cbde8e,1
ce4eda4ed86e6114,868f9a6c70c00618,1
44c64388dec07b2e,44c64388dec07b2e,1
fb4d62dc341ac0c2,fb4d62dc341ac0c2,1
5d9c72fd3d86d32c,ea51a3298f6c80c5,0
0e609db683430445,0211afbb3ed8158e,0
b5ced09ca69ac3b3,b03fa707cf789496,0
5f46797a7fa75747,7232e345bc851c4f,0
8e0d69cc86fbf9c5,8e0d69cc86fbf9c5,0
705d73ff1b4f5178,0f2d58c043d9ea65,1
1a820cc83379a75d,2b18523c3f67cb63,1
5040dfa94a400adc,5040dfa94a400adc,1
c61aee791381a937,963ddb6d8cae6ec2,1
81170f97aeef2db5,81170f97aeef2db5,1
78b79fddc5081f2b,4cb94b7adca667cc,1
180f5b72debabb19,bf6afdd203be9d15,1
8f4e006596470f32,8f4e006596470f32,1
257f2929fa09ea3d,1247e6cd87ea0380,1
683dad8751816d68,5dc14f1037d9323b,1
3aa48e568a5fd5e1,9e5e7bc65fe603c8,1
a1f684eba445b20e,a1f684eba445b20e,1
0f06b30511ca7ca3,b5cfcd1d42696c6e,1
c1dc21d80cb6e97e,c1dc21d80cb6e97e,0
87017488d6204332,87017488d6204332,1
da34912f27313755,da34912f27313755,0
02cbfe70cabe4b99,2234166664bbf2f2,0
0fe2bd830d0a5af2,0fe2bd830d0a5af2,0
2e28b4cb4cf3dcb3,2e28b4cb4cf3dcb3,0
d38291a8d1494b0a,27e7a38ab2f20fd9,0
d0106a00574fe232,d0f0860094dff592,0
24b0b5ad5a70ad1f,373a43181183c737,0
39baf93fb07f6e69,dd30829b21477720,1
dcce1e52716dfb58,452f7353336baa95,1
776605b13aeff0fd,52dee4709c051aa2,1
4a60b14de3e24269,f869ccc681ec4f9b,1
ba052c55096ae3f5,ba052c55096ae3f5,1
be4200198e06893d,be4200198e06893d,1
d00f8686d8926b23,58cd5d678a523474,1
cb7644fcf1d4049c,3dfb0c652a435153,1
fd7534650bdea7e1,47890e402fe76e5e,1
1ebf78211cbf345f,a15e1a7a6e618ed1,0
8bc22ebec1fb4d1e,c4b52f2dd14e24a6,0
67daa79ffc2ed8e4,67daa79ffc2ed8e4,1
6f48085cc1a4ed2c,5e7da51ad84094e2,1
8d59279e3b3b5123,8d59279e3b3b5123,1
56df56d0d7df1aea,d83da7efaf696690,1
41f422f5ce489fb4,50f5a9e0f4525cfd,1
50df60fb1e26681c,cac26c9e7af65619,1
f3ea9ae0b3a9ee4b,f3ea9ae0b3a9ee4b,0
2b1aa7f8835396b5,1e4c0384deb21caf,1
0a178856d905e21a,65de3b9fadd83373,0
455e6771408c1e82,6c6e943228650be4,0
faee2c77a7fff3ab,7f6d8c596b277f61,0
335aa0ccafcd73d8,335aa0ccafcd73d8,0
7ee59d91bd61d0db,f39daab8eb5e2a7e,0
131e2d3f9b47d5f7,131e2d3f9b47d5f7,0
d6a077b56ac05ba6,4dd1c63e0cf2eaa6,0
95f1f0e67c0cece8,e4225bc67da3bc18,1
bae8964d24fb513b,cbf4faf0bed1a1ab,1
c3eeab42d6a72cbd,13fc48c84f3f82e3,1
ebd7f2ec1744cb01,ebd7f2ec1744cb01,1
f2c0fbe42300d5c2,99c0c20cef68fc58,1
190730acfbe145e3,e9f1624068939076,1
a1e1086f08174445,a46d1d1105d214e8,1
138a7747ecdfb199,138a7747ecdfb199,1
37594d67ea2c4725,37594d67ea2c4725,1
caaaedd3ce047033,01362ba8da1fc047,1
be6d5bf1ba75bf86,be6d5bf1ba75bf86,1
77ad19fd182647ad,75df4341af06db52,1
5cec7b7fae48de0a,5cec7b7fae48de0a,1
59912c02afa61490,59912c02afa61490,1
5cba1b0273361fcd,5cba1b0273361fcd,1
8207b3783c72421c,8207b3783c72421c,0
9b376fab00ed03ec,9b376fab00ed03ec,1
092e9d2898a8b720,e39fb4c72cc22f25,0
a755477dd7dece23,c54835b3c7e5745d,0
7e75a083911cbba6,7e75a083911cbba6,0
3c6eb08d8a2322f1,3c6eb08d8a2322f1,0
e5e4fae023072cb8,e5e4fae023072cb8,0
ec7763d70154089b,b5f53e2f26dd2a92,1
4b74574e137af457,4b74574e137af457,1
d4eef0de0eea30cf,d4eef0de0eea30cf,1
5b7aff94b5103c49,5b7aff94b5103c49,1
ef4b3e86dadd0549,3d179979a6966bbb,1
d483fdbadb11d882,d483fdbadb11d882,1
e192df00a8879593,f98348f8fcec72cf,1
af6787dc8258a24b,af6787dc8258a24b,1
8924fc2c0079c153,8924fc2c0079c153,1
0ae1c32f2a9719dc,0ff5dc208fb5674a,1
616d848a930c50b2,616d848a930c50b2,1
ba87724cf03e9dfb,4da9ef6475f30d7d,0
d8fddcd8cc0417c7,b4bbcd00e9bb32a4,1
331eee2c9dd49257,331eee2c9dd49257,1
f06d7fada162a04c,f06d7fada162a04c,1
e6dfaaa60d90f083,7c2f81c7d5b4349b,1
0be7b8ec7812027f,0be7b8ec7812027f,0
d4f33ad20dc801fa,d4f33ad20dc801fa,0
51e2e5aafdc9e3cb,51e2e5aafdc9e3cb,0
4a8955382ef6dabc,4a8955382ef6dabc,0
de79e7e8f9f4eecd,de79e7e8f9f4eecd,0
6eec035975deb387,06d58f42f41661ac,0
0433f70885977f24,85971a6255317907,0
e216ad6a13e7412c,ef3aaf58436ff2d2,1
8c2d48711432461a,91dfdfe02ce075b9,1
6dd17bb6e39dd881,a738f216e550e085,1
1342fd0a1a286108,bd8e430663fe6934,1
7470e5b2b0d0996e,7470e5b2b0d0996e,1
da4ff0ac05debfdd,da4ff0ac05debfdd,1
19ce85dc70a05712,f6b853a564193e10,1
9b76159639d271ed,299b3e8c3ce01cca,0
ab11d7a5dcb958dd,267a4795844d6f8e,1
07294f226b5e58d7,c3f432b729d89ead,0
92b2e3b2893eb50f,232fbefe472122e8,1
04afd6fcf9715e9b,5defcbbf8d021549,1
a2a64fac7fa0dad6,a2a64fac7fa0dad6,0
fec198f4319b840d,a398f774e9c89c52,1
dd55cc14ba16debb,7d75a4acd58bb03b,1
fb226616b254c461,fb226616b254c461,1
3e65430c2f7bb43a,2c805c985e613cfc,0
debad39b0d004771,debad39b0d004771,0
35ce717188a40794,28b9edbc24205600,0
a77190e621830a98,a77190e621830a98,0
f448ffefc03dcbf6,25d79460fc43af27,1
e4fff5d465e03838,99ab778058bfe464,1
1951d25e26b6ef30,1951d25e26b6ef30,1
a9e26398c4c3d7ae,2c3829479aebeec6,1
6db19dcae698063b,00166b4a05e98da3,1
edbf5e875ca5878e,edbf5e875ca5878e,1
d56fb7c0c689caaa,d56fb7c0c689caaa,1
af50f53427fa20c7,ada365d7891851bb,1
15b0a471d415575e,4a31d7145a367659,1
f9c475c464c5b299,c82a6fdbcfb7bd57,1
ca845dd1d85db60a,f135c872d8a4ce5b,1
7f28dadfc23d668d,f1ba5d9151f04b9c,0
6968ba49ed529e44,6968ba49ed529e44,1
f4cd81dde363178c,f4cd81dde363178c,1
0a6b87f3ba292ab7,0a6b87f3ba292ab7,0
baa7e9495901cc58,b89f9b0363400e6c,0
272f5f0017057cee,272f5f0017057cee,0
02d9a3e15bc06521,02d9a3e15bc06521,1
a19c1fb1af6cdaaf,f7d590e5dd0ff589,1
f685eaa090065825,f685eaa090065825,1
caa3b206c5c2637f,caa3b206c5c2637f,1
9b756c397b09aff5,9b756c397b09aff5,1
ba9e079ab1f8ea1e,ba9e079ab1f8ea1e,1
47809d0d6e59473a,d952f2cd94abdc83,1
8a4cae7ca532de27,8a4cae7ca532de27,1
ce97163a906d20d0,ee3dfc1029844101,1
a1831f08c4665497,62286dee1d4531bb,1
1935b64d20e2b31f,1935b64d20e2b31f,1
f12b10112ed1a3ff,f12b10112ed1a3ff,1
6dc18a3b7421f071,32a9bf847b224646,1
5ade1e5cbf97245c,5ade1e5cbf97245c,1
ba7a998bd1a75dc2,7965b6f3bdca8e09,0
19455ad9383cd584,19455ad9383cd584,0
2ae60adff51589d0,38b1932a5c4b480f,0
ef25229afcb77ecf,ef25229afcb77ecf,0
2b9a7b882739d8c2,,1
08242222977f673f,08242222977f673f,1
4753907834e2c3ec,4753907834e2c3ec,1
96a9a74cf4a5180e,57ce9854c1fa59a8,1
ee8c54c80a67110f,365619698242085a,1
63d28b08dbb2159e,63d28b08dbb2159e,1
e97aaf95f99ff1ba,e97aaf95f99ff1ba,0
b9976a3090f40810,b9976a3090f40810,1
4680536f3bfd4df1,e7464b2b105cba60,0
fbb5b7114f18a53c,fbb5b7114f18a53c,0
abd8d980b7d79f14,abd8d980b7d79f14,0
6fffb5e2ea16e07d,6fffb5e2ea16e07d,0
51bfecc4de9cb218,51bfecc4de9cb218,0
0e61c5dd825e92e0,87a450243c3bfa80,1
3d4306cc6fe05f0f,3d4306cc6fe05f0f,1
5bfb04b0cb20b83f,5d01ccee24c2394b,1
6c92e96e557c4060,67ad7756715d541f,1
d40a399074fc92b7,ada254eae91c6de6,1
1d15921efbb60e73,1d15921efbb60e73,1
dd3730a6b005e2af,198f5c3498e5eaa7,1
85490ab515acbc78,2c7c34ed774f15d8,1
734dc03d29771f56,734dc03d29771f56,1
39d0135c0cd7d049,57bcac72fe704689,1
2e6ef300fee8f10d,2e6ef300fee8f10d,1
1a554a2102214469,ef94ae5b7f8f9c37,1
274ab0a996b1bfcb,4c00c7f2cdad5feb,1
9019c58df2f7e6da,46f4d0faa95557a0,1
cc65133d0f319ce7,9106e40ec3a2bb63,1
e029d43e748e71ca,3ad97618bcb0b842,0
205534fac59f4eb0,205534fac59f4eb0,0
44ccfe86c5013013,f291ba360493ebb4,0
4902f540a79948d3,4902f540a79948d3,1
0663c5bfe4297f1e,ba1eac79d56b4847,1
32f5abcfb87f015e,32f5abcfb87f015e,1
a8fa1fe880fa1b41,771691b79dfa0a88,1
97ac64553baf2fc0,236f9709c8a8aed1,1
808ba39b53b78a26,808ba39b53b78a26,1
307a98c101d51e40,4215c0274a734f2e,1
e0f7fb3507d2da45,e0f7fb3507d2da45,1
1cca9d7686c97b67,e783cb198e6df17a,1
e1ce6b6e77324fb0,65eefb03a09f3705,1
21c8c540808fc757,3501c1d0090d9242,0
e689eb8abb96a48e,ebdf0c539fa6076a,0
1fe69c1aeda86442,1fe69c1aeda86442,1
ce8a453b4f6be984,ce8a453b4f6be984,1
302e7e4cadbdf691,adb3afd26335ba9a,0
ab8e1158912dc72d,e3d67dd170dd6b90,0
46a4315f892391cc,9fe4da710d7aca98,0
3618fea731ead13f,1865d72867f905d3,0
26a4c6fb1f5b7c69,edf4f6a1bc9940aa,1
eefa953a58359003,eefa953a58359003,1
f790d741eff956bc,f790d741eff956bc,1
3fde724310f581fb,3fde724310f581fb,1
3083172a1b712902,3083172a1b712902,1
4399ccdb67f0ab18,4399ccdb67f0ab18,1
69020a9c35321a09,69020a9c35321a09,1
f095cf6f59619a4c,be46304349510421,1
ec0ebd24804c19b7,ec0ebd24804c19b7,1
1f9c03871571d8c6,497fbc2127623abc,1
a209702a6ca7f5c8,a209702a6ca7f5c8,1
f46c81e79141634a,f5ae0d88faa41197,0
c1b9d6d79ecd2cb8,ce653cbd501f0902,1
e0fe34cc345e0554,e0fe34cc345e0554,1
d28acbb9bba6fbef,d28acbb9bba6fbef,1
48d8ee71cb454e4d,78debc8638994130,1
034c6f349d7bfbf1,034c6f349d7bfbf1,1
ae8336bdcca31aa2,ae8336bdcca31aa2,1
1865ceb835eb22cd,1865ceb835eb22cd,1
ce6f81ef010a5b9b,c53591ee9d3479de,1
778fc2205cc2e4d4,da1d63f085759ae6,0
2fe115e91e69ce5a,0134f6acbf840673,1
d590e25a7246259f,d590e25a7246259f,1
59bed6b8445a83c4,559d26ffbd52fb0b,1
a0973edbc4c5c99f,a0973edbc4c5c99f,1
bde793525ad226d5,bde793525ad226d5,1
a84979c9da821006,e624035f0dbaee9e,0
af71fe0998f6e65e,6e735979838caa0c,0
ef2b49d548d5bcc2,67e4ca56655fff84,0
9254b227ae28196c,a3f4f6088f4048b1,0
f52d0819d753d4ae,f52d0819d753d4ae,0
81fe29b67b523a4c,81fe29b67b523a4c,0
8504c30e8d63b816,516cb2d1bbd2822a,1
ffe1d3489314c838,ffe1d3489314c838,1
49fd6b31c0d64f30,3f0b9efb1347f66c,1
836b4e21b553a770,da736b4ec7f9b287,1
df7f91cf8a8dd182,df7f91cf8a8dd182,1
5b2583ea0eeaabb3,5b2583ea0eeaabb3,1
e61cde84c8f2052d,e61cde84c8f2052d,1
9b53c0812801ff2d,fdce6b2376448a06,1
497315c8695bc4eb,72928ae40b8a887f,1
c0f34a229aee2cfe,7089f1e2b7fbec4f,0
991c7d838955cf24,991c7d838955cf24,1
87d22c4555286f0d,dd83f138d9ec9b7e,1
588462a5faad2aa7,588462a5faad2aa7,0
e62b215bb88d3132,e62b215bb88d3132,0
3f3c21df630e48a6,3f3c21df630e48a6,1
f54cae7699c3e322,f54cae7699c3e322,1
2563b30cbfd3df1d,6aabb6065d36155a,1
aeb7958173a28be4,aeb7958173a28be4,0
317879da74757948,878c6b9ea46b1b87,1
cf5d93bacf86c699,cf5d93bacf86c699,1
80fda675f2970ef6,44820a0d5921ef16,1
00c615e0166be6bc,3345def0d5b559ea,1
fc6ff3a1987549df,e6caf008a1146664,1
733dcfac8b96ce32,733dcfac8b96ce32,1
264271821b33d898,264271821b33d898,1
7a3050b7ca769df2,cd63802845f8c03c,1
b28ddaca6a75217f,b28ddaca6a75217f,1
391cb5ae00518f8b,b41638f68d4571a0,0
30cdcdb43958333e,30cdcdb43958333e,1
ec7177ce8e118d25,ec7177ce8e118d25,1
a01031fded2bf637,585df315dd373f2b,1
d5b1823d720c08a0,787f1f9a5e54af20,1
5c83c35b1eb30956,5c83c35b1eb30956,1
ee6b06563b94c237,ee6b06563b94c237,1
9b45d42168de5393,9b45d42168de5393,1
78aec00fe06ddbf5,20b7fbed459fec9c,1
3a64e747db5059b0,3ade7c9758aed7a0,1
3b4477148ab65abe,fc56b48ef06b616e,0
e16d480229253fef,6a10e91668e11c59,0
8cae650ac071606c,764a4b72be47ce4d,1
9fdd2bc6868e15a3,5e0092715e2640f3,0
efbc0b8db6fb22bc,efbc0b8db6fb22bc,0
0cb75b7e636b0cc5,822406b6db7723ff,0
347be7490005302d,0f3d452343af0cb2,1
ce636182cfa9a842,fc0c0a2c190cad30,1
e9a093906202bc35,e9a093906202bc35,1
85610893544e51ce,dfa632603b074694,1
631e64c9b54ba45e,631e64c9b54ba45e,1
112896cbbc726200,efea3954ea1ad709,1
95adb6466b615f78,cfe6fd229cd73b10,1
5c12e83635955435,5c12e83635955435,1
ab64c5a639cc871d,808dd66f0621715c,1
cc8be944be003138,cc8be944be003138,1
4347ec6ba693d9eb,4347ec6ba693d9eb,1
e0e72dedffe6bb41,e0e72dedffe6bb41,1
c507e8d4a1fbc0e9,ff87dc221b2258cd,0
b3a8b9507622189b,9a447da7a7eadede,1
4a2d4f5b7a3a5f09,4a2d4f5b7a3a5f09,0
f556caa179b3458a,f556caa179b3458a,0
53d5a51da81c55c5,58a3b49bb7e35fb7,0
021e9794b22dbe19,021e9794b22dbe19,0
6c45cadf06745d73,6c45cadf06745d73,1
1b874b259d978b43,cb0979f397e83e9b,1
cff9df9d9a88bac3,e9533edddd35ef3d,1
d7ae38ac7c341659,d7ae38ac7c341659,1
44d5c3197dafd624,44d5c3197dafd624,1
73c764523a6494ff,73c764523a6494ff,1
41ac5cce27f2512b,41ac5cce27f2512b,1
06d46dd75b4d2775,41510a28bd47d350,1
57313a91dcd4a4a0,57313a91dcd4a4a0,1
92bc0ef482ba1bae,350c021c52f40453,1
6e83083a5b8c7c44,847348f763605c85,1
4a220d9a87886dbd,a937189c114db1b4,0
441aa4acb552cbc6,441aa4acb552cbc6,1
f95f335cbbca6e29,f95f335cbbca6e29,1
fa2aeb5115e87545,fa2aeb5115e87545,1
199c63003d379339,199c63003d379339,1
4fdcd918309ab3ea,ca08205050b56ed7,1
d76390525099839b,d76390525099839b,1
4a3dd03a23c1b6fd,638bfcb4cb34607a,1
3d7f0e46abfee6e8,3d7f0e46abfee6e8,0
f09b407aba1255b5,1b92892ade4c81d4,0
48cde55f97bdb142,e02f97a87d2070a5,0
764ac50975617f75,9288d290bc601f41,0
221ada8d7a4a390a,9cbe21ae419f0ade,0
9c2c25b1bfb208cd,510b41945713b169,0
ba325fc29638ed80,ba325fc29638ed80,1
362d9a7412fe7bf7,362d9a7412fe7bf7,1
8ef0b9ecc513d1b7,8ef0b9ecc513d1b7,1
d1c7313c142844e8,d1c7313c142844e8,0
b56d163e5d9bf577,052b527e0b28b4e1,1
ab62446437d183a0,ab62446437d183a0,1
8e84921609209161,8e84921609209161,1
45bc2e26d2100fa0,49200b1f4bbda24e,1
f439d42eee2da8e7,42d32513a894f2b9,1
f8a5471c08831924,687098053beeb13f,1
6b62e9b9cc4d89ef,6b62e9b9cc4d89ef,1
372071ed77546019,06517a6182a6bda7,1
274dd8a9ca919f79,4360ada79244850a,0
b3b6ed6d35c1764f,b3b6ed6d35c1764f,0
1ce63244b83c70c3,ff1dfa92a67031e7,1
6c893615c9125d05,6c893615c9125d05,1
df1c5ffc4e47e8ad,df1c5ffc4e47e8ad,1
5abffc4a5158a9a8,5abffc4a5158a9a8,1
6e307c03f82420b8,6e307c03f82420b8,1
bbc046c86770d888,bbc046c86770d888,1
5474174a83e341b3,5474174a83e341b3,1
44325e0d9bc5d7c2,515913af3327a146,1
a76b3238b85773ea,640de9d9400ab468,1
99735ff1ec3ee5f6,99735ff1ec3ee5f6,1
7ce761ba8eba8700,f10a12f7d34e7c17,0
9b837c6841334d7a,9b837c6841334d7a,1
f32b053f3d64de71,46a604fca2747929,0
b53ab3b08e06f6e0,b53ab3b08e06f6e0,0
f786548800f9ca8f,314ca314a803c75b,0
f746ad646381e078,66d7570359dd3d66,1
483babd7e6527243,483babd7e6527243,1
ea085feb421c223e,30a7c19cf7abd4ba,1
ad29a4105a176c35,ad29a4105a176c35,1
328df2abe1c10e00,2ce5fbe4b8e27ec9,1
17f0cc2bd81e0ba6,17f0cc2bd81e0ba6,1
53e0cf36ae678852,8929f8ff1d002323,1
9147725280f24cd6,873de3933abc9862,1
e9cde15bbfd694d8,e9cde15bbfd694d8,1
c0bac9f73e0922f4,d8a2ce3dedb8b368,1
0fe90c4caced5101,cc773ae3ab403ca2,1
5152cf96b2859f9a,4ccce2005a13335f,1
e553638fca00ace5,e553638fca00ace5,1
a2022c77c93ad179,a2022c77c93ad179,1
57d081e792c6e911,a4e95ef8c26c8709,0
4e5473483f9405c1,ceefcc0c035794e4,0
24aec6a1abac9c1e,24aec6a1abac9c1e,0
9a11314e0d832c08,2cd4c4b94d6f5733,1
aedb735b1c2834dc,8f9b59e96020e686,1
303c331ae2060df2,8b11e15f8e2eb859,1
19325ce909221abe,e325879ff15108fc,1
265f67a6177b5f50,4af7ed1f5a384624,1
3afc15f55e832420,3afc15f55e832420,1
8d940d2ba219e34e,8d940d2ba219e34e,1
2c0f8e1b97238646,2c0f8e1b97238646,1
a19916ed61bd58d9,a19916ed61bd58d9,1
5d92e906054840c1,b19333ad34e6c2b8,1
73f4bb9d45f3ed8b,03a12dac3eceaa16,1
4fb502f14666f11d,6d88c415aee339f8,1
d8c290561458725a,580bfae328762f4d,1
c32f3413bd53001e,d656d280a227673f,0
31bead7f354d550a,31bead7f354d550a,1
5910f4c9d206f77d,5910f4c9d206f77d,1
05ba923b90d320ad,05ba923b90d320ad,1
a7a62a54ffaf2ada,3457b74580eb9c94,1
7e4277446deb956e,0b60f0944631130e,1
fe251e2ffd33bc93,944ce08be0a5b83e,1
1de78f9805fc7c72,1de78f9805fc7c72,1
6f2bc08c65154689,a074b52d2457b25a,1
f68d7e4b588c4f7f,f68d7e4b588c4f7f,1
fa7c3c296ffec1d3,011cdb84a0409779,1
698f5a923404edbb,698f5a923404edbb,0
5c0bfe282028c1bf,dd6c5c668e1cb9cd,0
d09abec4786e293d,d09abec4786e293d,1
b5abd9ff8c18a7f1,c581eb16596961f8,1
1d5d6ca0658a425b,e975a9b9131a3e93,0
8eb0d57b51a285e3,061eca564a2a7fd5,0
b9bfb9a9cd968793,fc026ff6e1a0f17f,1
80dbcf1f4cb9a88a,9b04310c9014bb75,0
b96f2df2879f8328,e060c459801a76eb,1
ab3bda0d2334425f,ab3bda0d2334425f,1
10f094b02f4d5d9c,10f094b02f4d5d9c,0
ae2a730ec5e3bf5a,ae2a730ec5e3bf5a,1
30ec34e4932092d2,193de1508a77837f,1
a5fc1d96057795da,7d76b76303941b3d,0
700f449482d00d87,9fa8e5bdd873ac6e,0
9c5bfcad55403c21,0f224403cb6d0da7,1
6f4e65fdd2d4c92e,71541e6484098d37,0
779c34216243b48a,61f7528b2460d786,1
5ce1734e37956859,ba6326005b1b27b0,0
a19a68a3a24a423e,85949446c0490994,0
0b98e45e754cc335,5df1bd8894cf5900,0
05e1c73953f66beb,f3a5123feb3de04e,0
e20e28ea43b52bcd,e20e28ea43b52bcd,1
e4d2cfad2b99a846,e4d2cfad2b99a846,1
4b17b3f8269b8eff,4b17b3f8269b8eff,1
39207d0076362a00,39207d0076362a00,1
64422b1c36e029dd,22f151f795f1c9ba,1
3f02b95807096094,c85ca86be44ec132,1
02b92d5abf6d5511,bfaef8c3153e61a2,1
377a399b90a8eb03,ffea018519dc160d,0
40779b590ee00490,c450c72e7e150c35,0
d0c5145c2ca14b2f,d0c5145c2ca14b2f,0
537fa0618574f267,537fa0618574f267,1
69aebae86ac46f96,69aebae86ac46f96,1
619457fe0acba3e2,8f877e2e65a685e0,0
434286db3c34d150,434286db3c34d150,0
5353c5ec05fb9851,5353c5ec05fb9851,0
64dc946477634160,64dc946477634160,0
83e15c14713144b9,83e15c14713144b9,1
a9dc50db9cbf2bf6,f67c8f17519335b1,1
444b267865feb030,444b267865feb030,1
e3ea7ab95cb1a879,e3ea7ab95cb1a879,1
47c8da888bac11f1,47c8da888bac11f1,1
3bdd18c1f29d6c3a,1e8b71a57c3a05f4,1
383e195cb147384a,ad1423b9f8f5b072,1
af0a201d37ac5962,264baec9e9978383,1
343440f0a9ac676d,343440f0a9ac676d,1
c50d995987ed317f,c50d995987ed317f,1
56802da1a41ed4e8,cc43d194a7802847,1
cafbdeecb8f34f40,57b297a3ce0dd341,1
9393394e38dc502d,a7c9d01e519423b5,1
1501fda78b48a3e8,8a0e188918edbf16,0
a26c0ce1b101a7be,d3345fa4f912c949,0
7e8cfcac5b9676f4,7e8cfcac5b9676f4,0
a97d53e65a2223a9,91247b503d201c77,0
107b1546025b2f56,,1
a99afd81ff348e40,a99afd81ff348e40,1
dc3eb88e7c52d16e,f9f7db187650d78c,1
4760a3464229e049,4760a3464229e049,1
c0b9afb6163980db,8776346fbc4633a4,1
c15d55d8fe266a69,c15d55d8fe266a69,1
c364109edc5188ab,c364109edc5188ab,1
f89f8ecbaf682f23,1df7aa5be8207218,1
984a5ca4328af08e,c6b861288e7416d0,1
2fb7d9e7b2b16f1a,65776af8ca9d0222,1
fd6c099d3606d507,fd6c099d3606d507,1
64cacabf349a8757,097edf2e720f11c0,1
671b4232d49d35b5,6c961c4f4fb5fa43,1
b493d24796a6c53a,2eef14f1e639b410,0
60d4465d33aaf9c9,fa20ceb51eb44899,0
0fa525bbd612b15b,782332a25c4d6ce7,1
88d83b7d4919226f,5626f48e6e5a1536,1
3754f47ac2ab85bc,87dcbd40e6ecf509,1
9348d09f9318898f,9348d09f9318898f,1
40939cc8953f9de2,4cc08d84564aec86,1
4b1c924127ccc42e,4b1c924127ccc42e,1
713d6c2f96141b0b,713d6c2f96141b0b,1
04002fabdd32e37c,cbeedb91935c0ea9,1
368576d57764fed5,67214a4c7880fce4,1
2bd8204c59c3424b,49d5f2ea29fc9753,1
93f4033bf502f9bf,93f4033bf502f9bf,1
ae6968671cf81bf9,85df7a5ec2953fd4,0
d19e14b0f009a3be,d19e14b0f009a3be,1
34a0ca4169112432,1008fce140fa12ff,1
a9a900e64f38d86b,a9a900e64f38d86b,1
e782f8ea9805815b,e782f8ea9805815b,1
3c48032731be4b16,3c48032731be4b16,1
c8b7ea20d23074fe,a1f398d72363022a,1
332d5be0a04b8beb,cde2d8dbbb680608,0
3c8a959c56b79e32,3c8a959c56b79e32,0
c0c2af162f56670c,c0c2af162f56670c,0
5f3ab49b2109ba77,5851905db4bc12e7,1
221bc3a1113fb4ba,221bc3a1113fb4ba,1
fd2940b24f5687bb,fd2940b24f5687bb,1
aef3c34faab21494,aef3c34faab21494,1
4d840d76fad73442,4d840d76fad73442,1
c276622ac5aa802f,fa091155bdcf10cb,1
a218fe236c4c2b16,932eb0b2fb9f4c48,1
302f479f10054d93,84a745b6d7d5490e,1
796d07b5f8659aba,e1f826fcfce595ec,1
4044893c06d138ab,1bdb49f6850cbbd1,1
a5280365819374c6,cd139f8466bf5787,1
019cef55a6f771f6,5c8b3ab1e3217402,1
18d6977d17762e36,c3ea0cef1bdb0caf,1
4715e5c5b74bdf07,e9fde42ec51d8120,1
dab79f9b21e66dd6,dab79f9b21e66dd6,0
b32d857101fab9fe,b32d857101fab9fe,0
f0d435759f6a787d,0a37fae49bf77e75,1
b7beb5547f7f51a0,b7beb5547f7f51a0,1
5eb0eb2247532f59,8a7008b108936986,1
59571b6aa40361ef,1981e8b7c5daaab1,1
730ee9bacb20354d,d262fe6df8661bf6,1
f3617db9101aca5c,031f26d5a51cc6d2,1
201ea3a929add439,8eec10f4ed48ffba,0
e410776dd141021b,e410776dd141021b,1
6acb394655ce8ec1,6acb394655ce8ec1,0
3dc0b0adf8c6e78e,81784060611b0923,1
18e3f7723892c732,8f60a2d5426dd417,0
a9cdb7d7bcba99de,a0e51fb950633af0,1
f9e19776d95f9bd4,0275a0cc30674c4c,1
d26b63441746643a,22214e685131d3b0,1
15397f1a8f38549c,15397f1a8f38549c,1
747dfeecd93b323c,1a898726bd1c6a9c,1
0eabf80ed0094a87,0eabf80ed0094a87,1
926341745ce837a2,926341745ce837a2,1
b860c4780f513f1a,07ddcdfe30d22f52,1
a8664f3a10782827,a8664f3a10782827,1
9b17beee69fde268,9b17beee69fde268,0
f951fce3cf11c46c,f951fce3cf11c46c,0
37360aecbb9e2a46,b4ca50a7c9f2d1ca,1
39ced93daf532bf2,150230b2b4a75f8f,1
d0bb6bb28df17c5c,d0bb6bb28df17c5c,1
bb95462e84a341e2,c68e603e721674a4,1
8ad72ec0637793be,8ad72ec0637793be,1
247911bb17e7570f,247911bb17e7570f,1
9ef85096852ba919,9ef85096852ba919,1
dabf637d2f547ea5,2b3925891b63effb,1
442758f317b9f610,3d368d012561b8ac,1
029c71fdcce7b33e,7ced68a56ec4fdbc,1
51e45e793cf32a0d,51e45e793cf32a0d,1
ee7650b8554cdb90,6c53215a0862e691,1
a03467247579562c,a03467247579562c,1
67b3c29533c95d86,02846a036748d42a,0
1439f33a104f3d63,3899bf979794812f,1
c50c58d42b209293,741d889080ce0721,1
bd6dbbad08830e63,bd6dbbad08830e63,1
9af4689106dd7508,9af4689106dd7508,1
ae373dae053d18e9,ae373dae053d18e9,1
86c3c18f41098194,bffba03ede94c896,1
97932ac652ad56d5,97932ac652ad56d5,1
2f1b1ef9704bfc17,92750ec59bfe470a,1
5e6546726e9b0b68,9504f52dd4b2beee,1
e82915f6e6f71398,e82915f6e6f71398,1
f48881297fc6e630,1df3c8de27606a0f,0
e73f890542d1f126,e73f890542d1f126,1
757a11bfd891b511,757a11bfd891b511,1
e314b611d2a0f1d6,6a937e6f368f1ab0,0
26b633b871751cc7,26b633b871751cc7,0
745c3879634ce970,745c3879634ce970,0
2840025aef7eba62,7d02e7c8ec2406ec,1
5c60341dadb06ecf,2feea26c797fedd0,1
1f1d2dae30ae78af,1f1d2dae30ae78af,1
0d2a41f87b12fc7b,0d2a41f87b12fc7b,1
d1da4754db209233,d1da4754db209233,1
401d334a7a30f63d,27a89feef4d2fd12,1
74c0e9b02766ab46,55dbb3756f3eca93,1
b38e4817a9c52a35,ee26c12e2ed069f6,1
a7ab2f632848e284,80f12deda0c644d5,1
1705b23f7eee9ce0,2680e73433b2db8c,1
6e9685c122f0c700,3e2f6b75f998590e,1
f3ff9d75bb52d4e4,f3ff9d75bb52d4e4,1
ade822c08d352942,ade822c08d352942,1
860a0990fc0a1f38,97aa89cced6a62a3,1
dc4cdc2c9d94cde6,dc4cdc2c9d94cde6,1
649d3c4a4378b8a2,e71f52f9d9ef92f1,1
2d8de25761701de4,fe401f96be0ced60,0
aad0e111314e5922,61cfebb28c8b558a,1
9d98f92724d8fd0b,9d98f92724d8fd0b,0
bca451a320dc9674,bca451a320dc9674,1
f5641e1a6a2b8e9d,f5641e1a6a2b8e9d,1
245c7c8ff2960418,245c7c8ff2960418,0
039309ad8966b8b2,32bc2d66feb86fcc,0
766a2feb75b59f55,766a2feb75b59f55,1
81a70cda49d70f24,81a70cda49d70f24,1
593b2a19f11f38e7,593b2a19f11f38e7,1
ac6bdd148980e7c0,2af98eb10b22f423,1
beb780717f695716,05d3901599e465a1,1
ea0d1758b7bee9f6,ea0d1758b7bee9f6,1
1e3710b44da11743,1e3710b44da11743,1
f8066d844e2bc01a,7b1ac7f9e0ab1f2f,1
4883ec91ea945b8f,03b6a563fa06444c,0
6d164b25960c5fed,f892eecacda84c8f,1
4f1d1de3143df11e,4f1d1de3143df11e,1
d9cc37f0a1d9e824,0029d2dbc6989b6e,1
01816c22ba990585,01816c22ba990585,1
bc069264a07a739c,dc6f1b696c1cd9c7,0
b12664ce8e2959cf,b12664ce8e2959cf,0
e52af1bad6e6665f,24a08e3b0fabde3b,0
f111855c897e0702,f111855c897e0702,0
d469f4558751ef90,200b69dce4986f60,1
5b75670a7d08cccc,5b75670a7d08cccc,1
86676fe03baa537d,86676fe03baa537d,1
faba3c9cf3e44f5e,faba3c9cf3e44f5e,1
8e13e007ce0d1ec5,fb65430b29779631,1
da28e0ec3b0e4fc3,fbf0ce64c0291442,1
8138d90ac144d2f8,8138d90ac144d2f8,1
b3b6200f323aa20b,962f3555f80f9bb8,0
eca7b64fc1baffa6,e49d473a67f75d09,1
2f9f4fdabd05d919,c4782b66a26dced4,1
2a319d9cdda5cbb8,2a319d9cdda5cbb8,1
53875b12b552e4d9,53875b12b552e4d9,1
d6ae7a83248dd985,d6ae7a83248dd985,1
48e578c986c13b8b,8b1c271ff9bd5d71,1
ee2429a56d766a7f,ee2429a56d766a7f,0
8838d513a67cd651,7cc3037f954d7075,0
46ad60a92f9183b8,b1fd7bcf429bb107,1
29faf3b587744f71,29faf3b587744f71,1
f3362cf0a45093dc,07833fcb0bfe02c9,1
31a4441303f10a2d,31a4441303f10a2d,1
49605e6b438760e8,b80a0ed5065a95ae,0
5da0ec57a676f908,5da0ec57a676f908,0
b61554577fe9d50e,b61554577fe9d50e,1
6739573d68718b5e,6739573d68718b5e,1
216f620a721063e2,216f620a721063e2,1
c03ce9f8e4a94201,c03ce9f8e4a94201,1
d2c8a5e95a562484,d2c8a5e95a562484,1
4f24aecd9bb9d0fc,304d4dda7998fbce,0
50524ab7032391e8,e0e12564f0402b4f,0
df51d6bd2946e5cd,df51d6bd2946e5cd,1
7284bdf8a0e7709c,59bdedfd42770e0f,1
153c1ecd88485979,43fb4b74137b03c5,1
256377b521adaaef,256377b521adaaef,1
8128dd520d76519d,43a9610b58f8abf1,1
76144a61e7ba202f,76144a61e7ba202f,1
c09bd7b8a139c726,7ba55449d2b0b04f,1
fc12371c06c79322,6ddebbc622596284,1
899910e10a04c699,899910e10a04c699,1
0d893fcfb956c1fc,0ae5fa6d118b5f8c,1
d544b87bd9344cfd,f30f24c6cc6d77e5,1
09049dafc23d75ec,09049dafc23d75ec,1
177f30c7968122e5,84c9208ba9d47cd2,1
93bcbdf57f97142b,93bcbdf57f97142b,1
60d7d358c27d45e4,ac62bdff564e2fb8,1
7e21795b31cc1c70,a9b7acf4d29ed5ed,1
6649f67eb7bcc065,6649f67eb7bcc065,1
f2dbbaa460dcd7f0,6ea54de5ac79e37d,0
a75d1bfc8a6bfcc6,a2f064b74ec010b8,1
ec33d101ed5e544b,57f03e522ba1eb2f,1
ae70544f884fe177,ae70544f884fe177,1
4a6dd4d3f8316c16,21354a66cbdd1d5d,1
e7da0570717f81b3,e7da0570717f81b3,0
a374097e8bb91d71,0a9ac99388e80cd7,0
140e0b333083a6e5,75862157e36b2714,0
d6623cfaf0e65825,d6623cfaf0e65825,0
8761a27f21053a31,8761a27f21053a31,0
d3f13c28993c0b84,3617e7f0001bcceb,1
7e16a12d83399b0c,e1966ce63e0a5f92,1
5f04ce730e18648e,5f04ce730e18648e,1
7320a3ee1562bf31,7320a3ee1562bf31,1
5af0cd5cb84ce2b1,8744c0a749d0ad85,1
ffb52b0fadca10d1,ffb52b0fadca10d1,1
59745ce46d4f1d39,59745ce46d4f1d39,1
4a61c3fb16310626,cb94dced915afa1d,1
f5b67338a233ae4c,4ec97e41aba4a3b4,1
94c90cdda9f336b5,5ae0fac8bfff55bf,1
a4ccd340d79eadea,01659c99b4aef7c2,0
f6b2de8e4433231f,099f8ca192d238f7,0
5600b63f48666527,06fe0455021ddc63,1
a3b1ab9604c0212f,a3b1ab9604c0212f,0
c745d4ad7b4bf90b,4f449a821ff48711,1
b503b0642d6fce64,75a288c4c4a58087,0
d2364cd08d0dc4ea,f9a50791df5e2c4f,0
5ac28b1f2b5ec998,c177099a154c7167,0
a06bdaffaba0b00d,4154901b31345256,1
ae8d46c633669920,ae8d46c633669920,1
a1cd83d42b301001,acefdc656fed2e90,1
7a80dca5c46b4a95,7a80dca5c46b4a95,0
a4f510d0959f4610,51acd699add85f4a,1
ec60c58654a2c690,ec60c58654a2c690,1
13bb673169ef6632,ebb5e28c608ccf49,1
7fd21c5cbcfd2d29,0cb8ee3f0391ef9c,1
99ce9c0d9cba804e,bc221586ec9d8fae,0
85c1b2e5a1f31f6b,e59aaffce47c92a8,0
fb92c40aeef11f2b,fb92c40aeef11f2b,1
592c4ace5ca95de4,0600695883c7610f,0
b1f977dc710618dc,0110e23ce3aa9f64,1
4f6031a0c112c6ba,4f6031a0c112c6ba,1
3aabd8b8e7b79c8e,3aabd8b8e7b79c8e,1
f85525b884428286,f85525b884428286,1
96fccee1f990216e,b97ece7af157e08d,1
922f533674bc8a6c,efbd83e7d5f2ec19,1
5668cf1180992e43,49a18e6f77bd31e0,1
c74161677c19a3e8,c74161677c19a3e8,1
6b0dff0778969dd7,6b0dff0778969dd7,1
16dc2ceae3dc6e6c,16dc2ceae3dc6e6c,1
d6a2e27f1cc37cb8,d6a2e27f1cc37cb8,1
6618fe8ae30a3ed3,6618fe8ae30a3ed3,1
09860909e5b39725,09860909e5b39725,1
d2ee4c0df94e8296,d2ee4c0df94e8296,0
fe40f1f74adc846a,fe40f1f74adc846a,0
f3092823e781ff36,73fd3c3181920193,0
ea63f53e2269d5eb,ea63f53e2269d5eb,1
39b030da0fca79e4,340690e75b7d156d,1
11d60807eff23280,e7ee333d577c749d,1
8efd811281b9ede4,734fba7d56407a67,1
3d83b31aa6a94be1,990c336d38adb9d2,1
c2f8e1336ec8754e,c2f8e1336ec8754e,1
895538ed6d0ad28b,895538ed6d0ad28b,1
aad7b2eacc993cf8,aad7b2eacc993cf8,1
a09833618a09576c,a09833618a09576c,1
d1321a92344f8873,d1321a92344f8873,1
2e028171ff265bc5,2e028171ff265bc5,1
3079eb604c507ab9,3079eb604c507ab9,1
74674776d39982ca,c32710646e017061,1
3581dc1cb36282ea,fa4c95253e416be7,1
5349ed381fa36729,5349ed381fa36729,1
b7028fc2ea337bda,b7028fc2ea337bda,1
e291725646ea4092,b31293b23e6af0a8,0
2da9b342f550721a,2da9b342f550721a,1
25fe1b1b6dc7e04a,8ebd0e6ce6ff93af,1
6255407229fa22e7,c7e598ded6ee44cb,0
02ec7daaf50531bf,02ec7daaf50531bf,0
3ba190c4d60f6ca9,3ba190c4d60f6ca9,1
72740ac3b1b541ea,938770b7e0ac5c68,1
2bee0c99f307b3c3,eb0ac7f8990d9a09,1
8393263efa379140,8393263efa379140,1
7a6960cdc57707a2,549282b3327142a6,1
1f96c3e4c7964ebe,1f96c3e4c7964ebe,1
1c6122f96978c7b9,1c6122f96978c7b9,0
4e52f9f3e908715c,65a38823079efc81,1
1582e26020efb91e,1582e26020efb91e,0
ffe6c4ec6e68f410,ffe6c4ec6e68f410,1
5f1a87fc52c5ea90,183fc342cee73b84,0
25b72c2aa15168e5,ce02dfa652eb3b34,1
9ec3f0d4a0b6651f,9ec3f0d4a0b6651f,1
d0889a389f6259ed,d0889a389f6259ed,1
8d6856b98e4fdb7e,8d6856b98e4fdb7e,1
d3e7b13991aac83c,d3e7b13991aac83c,0
bb69bc20ab54a8e0,dc6ef24d419d489e,0
45b0cec8cabac912,45b0cec8cabac912,0
04b10beb98ba7e93,04b10beb98ba7e93,0
98b06cf77bf14ac3,98b06cf77bf14ac3,0
96345faac3e7f989,96345faac3e7f989,1
64b0a727d49deca4,b61312bd4e5e6245,1
efbcae49829f6ec3,efbcae49829f6ec3,1
f927817edcfa1b0e,f927817edcfa1b0e,1
74455e32c884008c,14921d12cfbe5ceb,1
b0d4f7e5c5ce379e,b0d4f7e5c5ce379e,1
fb97d029599ea994,07dc089bffd21f36,1
a71b4ca27a64c47b,a71b4ca27a64c47b,1
384214dafead1e70,2242894daf2c69ca,0
adaf6421ef96a125,adaf6421ef96a125,0
1add6bc5c78de572,c13b792ea0f653e4,1
db8839fcb01f6270,196841545ac9c164,1
95bd48c5cd6a0424,4988b5a4b13cb924,1
2bf3bc3cc3f125bc,d6eefa3c450e9c16,1
882b79a3c9b85b01,882b79a3c9b85b01,1
a5f0743b3c9355a2,a5f0743b3c9355a2,0
aef9b1fb1e84e3a5,aef9b1fb1e84e3a5,1
6e17e7a31fbf6b18,9661ffff152c483e,0
750b11aa9061d018,750b11aa9061d018,1
48a751f9d5f8e075,48a751f9d5f8e075,0
d5dd946a7a6656ee,d5dd946a7a6656ee,0
244eb23aea64aa8b,244eb23aea64aa8b,0
a28598157d2f6414,a28598157d2f6414,1
9e057af69ebad1b7,9e057af69ebad1b7,1
cf9ff621eeacd063,cf9ff621eeacd063,1
ae99ac62928719d1,ae99ac62928719d1,1
683eb0ae2f3d3515,683eb0ae2f3d3515,1
025f6bccce63bd83,025f6bccce63bd83,1
23c17e9a66c14166,57f6363f3b2ad130,1
342f4d5c4aad0420,f1136bfba08ddd50,1
14b08b53c74bcf4e,14b08b53c74bcf4e,0
b11b7bcc793b67e8,be53a7bcc36b3084,0
d93a72f48c86dc7b,d93a72f48c86dc7b,0
239918f712d75d3c,98db5893a4af392f,0
2dbf5c2f5f720dc5,2dbf5c2f5f720dc5,0
477e3bb064853708,477e3bb064853708,0
f85257814a18d0ab,3a425c785ca87297,0
3a2eb88d3796fd47,3a2eb88d3796fd47,0
b48be2960d4fc10c,e98e65922f1d8a05,0
f831c89f2b5f8001,27e5f96a840b5539,1
c5e0d1fb37f4c329,c5e0d1fb37f4c329,1
5f90b09e5b1f9509,0e7449423a83ac41,1
dfe14c9d5ccd00fd,ca549283ff597234,1
22a1c559ceba182b,9d4778f6e3d33f02,1
b5b9615ad1b10b8f,84b2c96de6c1dba1,1
12c1bebeb670db5d,bdb9db38926acf17,1
5e5bf1d158aa45f1,5e5bf1d158aa45f1,1
7835f76c9f8c5c62,7835f76c9f8c5c62,1
5a8fd18ed71373e1,5969055e7be5350a,1
24eb13caea772a6a,4612ecd2d7a203c5,1
fdfeb1dc58145729,fdfeb1dc58145729,0
ca2d81e0aba8c3e2,ca2d81e0aba8c3e2,1
6065da186b3543a4,6065da186b3543a4,1
c7e3936cf2b8c2d6,c7e3936cf2b8c2d6,1
95712baf40eec1f2,95712baf40eec1f2,0
41d3b505aa9a64bf,b715d898d8c9c596,0
ff3ced49c0caa019,ff3ced49c0caa019,1
3db3ac8ed8506779,51976e6065a93215,1
710f4fd15ff49859,67446e72a0e612e8,1
c6b2861bc55e9723,c6b2861bc55e9723,1
ecc952ca33f86053,ecc952ca33f86053,1
4eda47d2e867ca6f,4eda47d2e867ca6f,1
a3845cd8c13f2e47,c9182f1baef7e6ce,1
2ea09b98cf4eb5fd,cc77e463c3ed55a3,1
834d6d857160caa5,6a36ce5b5d2df56f,1
49d3d175f4676d8c,49d3d175f4676d8c,1
4fdb3bbdb76a03b6,4fdb3bbdb76a03b6,1
6b7ebbf0dcd2642e,ac2e1953646562d0,1
91b9854236751ab8,de6ea10e6a529326,0
06b7b08f3464e28d,06b7b08f3464e28d,1
08aa6846e64103f9,08aa6846e64103f9,1
04480a9682c4643b,04480a9682c4643b,0
d7d156d70b1f8990,1b003a8afb9e310e,0
253b4e30283f8824,253b4e30283f8824,0
7132cc812fd3bb29,304d032259d86140,0
27b045dde5f46e06,d100555fb3d657b1,0
decbb88fcfb40d55,decbb88fcfb40d55,0
d1aeec3804f145d1,d1aeec3804f145d1,1
0b65792dacb5cb2f,0b65792dacb5cb2f,1
3631eb33e90f4ef2,5b302f3d913121ed,1
131447cd245b8466,2417d58d167c85fe,1
33bc10aaffdacdf9,9e79fd4148a7ba03,1
c9a26ff8995cb386,c9a26ff8995cb386,1
820a248e4b26d31e,820a248e4b26d31e,1
e34f14dd1e89995e,e34f14dd1e89995e,1
fa54ee8f4af87955,2b92448df828426c,1
8404885aa9cafc57,8404885aa9cafc57,1
bf7d6b8cd8839663,8bf215ec7e963478,0
098fe8153834f060,098fe8153834f060,1
9b3e918aaebedf3b,4f3ec04329432539,1
320d820e5d7bb703,f8b6c7b5e709f312,1
2e90498526424d99,2e90498526424d99,1
876013166603e53c,c1bf03a83979fdf8,0
6772d852ac1af9e5,9fd5cb40b3ff0a8f,0
41508ce897a3edac,41508ce897a3edac,0
99dab716738a4679,99dab716738a4679,0
afa7d4abc869e5c8,afa7d4abc869e5c8,1
9b3b710e13412510,9b3b710e13412510,1
9f976c741aaceeea,9f976c741aaceeea,1
67305127ea8df9aa,67305127ea8df9aa,1
c5fa24675122ac9f,4ddf2a9712dbd798,1
c772636ce7af9a7d,82d24aa24a550607,1
651bdaed9b8a5f6a,651bdaed9b8a5f6a,1
80288f81e8e63d50,80288f81e8e63d50,1
a488f42ee500df91,07ff7fd764cd55c1,1
6714add00a21c638,9a9d33ff84bdc141,0
ed5602752ee47c45,ed5602752ee47c45,1
db13ab3279a2cbe8,db13ab3279a2cbe8,1
42cd3e12bd2e4f5a,42cd3e12bd2e4f5a,1
9c7e532b3605a2f3,aab42818320fb441,1
9fed73f2f4f1b84f,7f48094e12f2899f,0
7ecaa96eee23a4a5,3f3ea5ad06caf7b4,0
70dc40a5dc874e66,d7746aa19684711f,0
f443f364cd7c72ed,09f5af241da68937,1
5a394addebed7b84,852e9a67a4947c88,1
e2e03c3b26fe9579,e2e03c3b26fe9579,1
716fe488076df0ff,716fe488076df0ff,1
a51b28549406c24c,a51b28549406c24c,1
d4494eb97c856a3b,d4494eb97c856a3b,1
ee4c3c618a0fb34f,d39f3c71cfe2e145,1
6ca76e03cfe04ab5,6ca76e03cfe04ab5,0
ef0e3f2563d47a4f,ef0e3f2563d47a4f,1
f07fa2a9e9d30ea1,f07fa2a9e9d30ea1,1
39f9e631b9adbb7d,39f9e631b9adbb7d,0
a7613b4a830395a7,a105d209c978d622,1
471dbd96a628ad97,471dbd96a628ad97,1
63e048840efa555a,90c61edeeb0059da,0
e9924fd780302717,e9924fd780302717,0
5dc89def0b85362a,9ad6f340b1309c24,1
1ce95542f3e17351,1ce95542f3e17351,1
04e336f54841c4ce,04e336f54841c4ce,1
8caba9408129d882,8caba9408129d882,1
f17f51c9cd017870,f17f51c9cd017870,1
7a0ac5b028deb0b1,7a0ac5b028deb0b1,1
8e9dbbeda9c151d0,8e9dbbeda9c151d0,1
100c11fe03eddde5,f30b539cc112b4de,1
b09bc9920ae58392,6c9ed621c38e28ab,1
f892bf4669c0c5aa,f892bf4669c0c5aa,1
ec93f5d9de537abf,ec93f5d9de537abf,1
0463dfa5d27ff86b,0463dfa5d27ff86b,0
7f2ffcd3b0f847cb,407c7471aea15734,0
470168bbecfc48cd,c498376c77ef8b99,1
c4730000776b0a09,cc3e06ae6aa03838,1
9b2c9b71d58cb6a6,dc70c3b85557ac51,0
16b6b37f99d586a0,16b6b37f99d586a0,0
52911f86780cab6d,52911f86780cab6d,1
b5e84afcb023f85d,b5e84afcb023f85d,1
f9971cfa0489562a,f9971cfa0489562a,1
bfc37a574cabdfa4,a262ab968f25c1a6,1
35d22cc81e9e891c,fcb8d78f04505c7b,1
ade3d1a22e40cf74,d82dc8cfe599df91,1
c347f823c55078de,c347f823c55078de,1
4f6e1c31d4efab85,5624455b07168fb2,1
9c35f6acf9620310,9c35f6acf9620310,1
e8a93526aaf58679,e8a93526aaf58679,1
9f0dbac622f66438,9f0dbac622f66438,1
279c458f27ecea23,279c458f27ecea23,1
4442a4b010293d39,4442a4b010293d39,0
b4433eafed6d4aae,e70f0030e42b0e18,1
ec242ec15033c147,772e2ebc6dcb87f0,0
d9b347b78fb75ca7,f8f503fd75f4b5b6,0
678eb58ca872fb96,955caa2c6faf4015,1
3fdc3fb6b82d9719,be2462703be198b2,1
f54df768a9a2e0fb,a1b86146a8982bcd,1
d060d8152d91b9f8,d060d8152d91b9f8,0
4520d7f927cbceaf,a76cec857b476b9e,1
f57f57268c2c1e32,f57f57268c2c1e32,1
8b252adc6d6690a4,8b252adc6d6690a4,0
718341fc8055a8b6,718341fc8055a8b6,0
999dec89d246b1a2,999dec89d246b1a2,0
42305d27062b038e,42305d27062b038e,1
4a163ea82ec6b18a,01bbbf37404d7803,1
21653196fede164d,21653196fede164d,1
90c1c916315e1260,68931d9e51d786d2,1
3df41535a2d7f0ca,d1c485977d69ba49,1
fb7f2db975ac2c3b,fb7f2db975ac2c3b,1
96ab099a64e54ef5,96ab099a64e54ef5,1
8b9934d4c9337377,a01fa7f8050fb1c7,1
8e2046084792894b,1d8e77b986a539e6,1
022a7a00afb28e8f,c82899ac0d6b1c19,1
771df7fd37a8b0bc,771df7fd37a8b0bc,1
c0b7ee41d453734b,9599f09d89e382bc,1
08313a4ad7b1f668,08313a4ad7b1f668,0
25260471acbae9c4,815dbddf67707e6d,1
f5cecb2dc0b6cceb,f5cecb2dc0b6cceb,1
241ff4108e50def4,241ff4108e50def4,1
f0cb29791cbe5fe4,3c74ddfdae89f511,1
c9d01225a3150d63,c9d01225a3150d63,1
1de6b2daedf02a05,1de6b2daedf02a05,1
4c4412b8004efe69,889a5b60819c73b4,0
ce20137b2b830c4d,0411d5ec1d16906a,0
3a4df227bb4ed7ef,d0114dab216aa130,1
4677e6191d7673d9,d866645de3c01daf,1
39ed58f313c9a0b1,39ed58f313c9a0b1,1
4d2f1a7d846cb556,22aa97e819ddd64e,1
0249cccd730db3f7,92fb4c22199e9e0f,1
f76674308921514e,f76674308921514e,1
fc627f64fd58d3cd,003ce625e4f170bc,1
0b2235353b251ea1,92b53e15502e2a32,1
4c17375367aa7995,2c17ab4df9619243,1
93ed42d47602505b,a19c4d3f473c64a7,0
988c271010c802ab,356ae3bd5975d664,0
2e509a53cb7519c9,d3a7db05b251c0db,1
4a0ba8aa30272d03,4a0ba8aa30272d03,1
8a36b0827469813d,15506794e5379132,1
892d2d6eee17f10f,78c1719961a0568a,1
0c4af9302f33b805,0c4af9302f33b805,1
2c1b03b814c8e02e,2c1b03b814c8e02e,1
8104234fd73fcffc,8fb500a41427a419,1
b83004fb33130bb0,fdff3015d45c5b89,0
13ee4659baa13413,0536f37d4364f621,0
7b3613bccbd24858,7b3613bccbd24858,1
e910f28dc32f3946,af23390d6bc0c9d0,0
7c06c6a9049c6a30,7c06c6a9049c6a30,0
6db9cf796e2217f0,6db9cf796e2217f0,0
e427ce6fc5fa65ae,e427ce6fc5fa65ae,0
612fb23936b44ea0,0325f48e835a0cbd,1
c9325b6168be55b2,3df4ed249aeaff4d,1
6038965730de88d6,40cb7975d7ac6a3a,1
35d24e039a08f7fe,35d24e039a08f7fe,1
383f36e343c243d5,383f36e343c243d5,1
a67c229061a4dcf9,a67c229061a4dcf9,1
707b5cd564451789,9d8299cf483e6834,1
03221e1f22960c95,7903c6c13ff89d0d,0
b3fab426747daaf4,0ab5fdd82ee435c6,1
33f69c27eacb1c9d,33f69c27eacb1c9d,1
9c836aaaca577c60,5466bb5fadfb6c5d,1
5444a858104d5d16,4aa557e46096262e,1
0723ca0e829ed85e,cd2e1eb4f2062241,0
507407b132631117,507407b132631117,0
6a0b30d8c669e861,6a0b30d8c669e861,0
9272aac082adda02,9272aac082adda02,0
d39bc8e00b7d415c,d39bc8e00b7d415c,1
71bc161de114af37,71bc161de114af37,1
3d61bfa315c95262,e5f3dbab570a29f1,1
6b0637689068f469,b0b82b6b33d4dbeb,1
2166e3c96ae5728d,4262e79a5991dc1d,1
f4694d77698c37ef,e1843dcf57875df7,1
cee7ea005ab07e24,cee7ea005ab07e24,1
856e88f2add33f09,73e0a654b1131ea1,1
baf8880c256be62b,48114a207618b74d,1
9680cb2c10836cf6,c80a7205b32836a0,1
c7e6226954ba6fb0,c7e6226954ba6fb0,0
c67f760cde04b861,0c35812f34b55efe,0
33f662648b5db9ac,e77b850f7f6fbf76,1
9c9028ddb71fef57,a4fe0b3fb859faf7,1
cff169114287bba8,cff169114287bba8,1
1cf1a1c8397cd4ff,1cf1a1c8397cd4ff,1
7a8ed8f657227100,a21b217d0d20553f,1
c156269d8042aec8,5b2cad0d788216ce,1
4b7c35cebdd1378e,f43ba7b24b25d68e,0
f8ae37756c23d1a6,6372958634cae058,0
c304527c673462ec,28768663e3dbdf36,0
84ad2a872bf3a3d2,84ad2a872bf3a3d2,0
71cc899bcdbce038,87ba3cfe80c99786,1
30b83e08f24bbd2c,30b83e08f24bbd2c,1
296fa82aebbe0b5e,296fa82aebbe0b5e,1
24b52448f417d6d1,083a92d21083e18e,1
3b1c62a3d2f095f5,748563cdc252041c,1
18a4b6ef7f02d8bb,18a4b6ef7f02d8bb,1
244eb9e3eeeece60,cb8132add9bc99cf,1
715ef8976e2a5482,715ef8976e2a5482,1
e5f97f46a86d8ada,b659681528ffa0d3,1
215414cb5fe030cc,215414cb5fe030cc,1
ca0ce06b561f5fe2,d05b5df64061022b,1
d854e6c4f6889b03,f7bb1734126d55bb,0
66ec61a9d7a7e8e2,c99190ec543c5a90,0
6062d28fef441a3e,1f508e3409abace3,0
c383e62f9ebe793d,c383e62f9ebe793d,1
4f7e07637179a7a0,4f7e07637179a7a0,1
e90ebf596a41a720,eb90f8a41469c416,1
9744fde6c10c6939,ed58336292412bac,1
fb54da5780a696d2,c6a917d499d2dbe8,0
c64ac7049b7c46f0,f089fbded2e3405a,1
359b49afad6f163c,359b49afad6f163c,1
96c1af8f0286eb93,96c1af8f0286eb93,1
7007704a7d2cec20,7007704a7d2cec20,1
f169ed5ce747b755,3d054b3460cb493f,0
c11b1963f1cf81c8,5b7a55533d380dea,1
2429438d919b7318,2429438d919b7318,0
e218489ac72486ce,d95833a4e81116ab,0
52808d4b9e7f6b0a,b0ee625d5a895d67,1
62e15219aa1846db,62e15219aa1846db,1
f0a4e0d6bd21d1c4,f0a4e0d6bd21d1c4,1
2ed180c924766676,2ed180c924766676,1
b4fd138a3d35661e,9c293649e9b9e821,1
592b1e8d21802b07,b3f77c60aaa1bd5a,0
fff51aa8108eb0b9,fff51aa8108eb0b9,0
6c35a5d3f6db7210,b0d574b3b42b0514,0
ba0c8f62250d6ecd,6c1666b1b886a428,1
cde3da1f9605a448,cde3da1f9605a448,1
c6de8ea41277fce9,94342ae12ec99755,0
ecd76e68fd5f5459,d7a53941ef02b65b,0
a75ae5637db57f97,546fa9476e90a064,0
7f67f9c9375d0b02,5d654c5fd0b21cdf,0
9d6c6b68788f21f6,9d6c6b68788f21f6,1
afd6942bc2e9fa69,7be2924ec507abd8,1
312fe77b38c30376,1c3cfbe1284489e4,0
c0b211a5d182521a,0fc8a220965ec91f,1
e9b3ddb64c4936a1,e9b3ddb64c4936a1,1
d168249db29aa86d,38cca8a9e1eec453,0
489abca0587a75fd,9d300d2a36de621c,1
e7534df0a76a93d7,e7534df0a76a93d7,1
59653327389c8d71,69cff1bfb4ffbf9a,1
8ee0fd4aae8dfe63,a1c06ab4f574720e,1
dfc161bf0e795833,0d79d0f44fa0fa82,1
d0c1570c61b37501,e8f57b7a3ffd65c2,1
e6ebb8ccac618ae0,c9bc758c1ac89509,0
03f51a3a8b3fc160,9e78608c6f2c3243,0
bbc52360bb93de07,bbc52360bb93de07,0
d601ede533a53fc2,ba9ba8216a0c49b0,0
00014b5620422945,00014b5620422945,0
eb1a1266b0540b36,eb1a1266b0540b36,1
0146bb7245d2a9e0,ad58a3fb105f7c8c,1
a26be9f04ade248c,5b815be23072d198,1
2e2416898c9e2c00,f12e36512f7b9dfd,1
4b53370d9be96bb4,4bf587828f9f2049,1
9ec89fb0be6497e6,ffe2ed428a36e8d3,1
a9bf87562abe3539,f4fd71c965d91c49,1
83a4b0b5da2fb3b7,83a4b0b5da2fb3b7,1
124f8436298ff297,124f8436298ff297,1
38a521548e85f9f1,f80cc8c452c550bc,1
ebc5b669248b99bd,a2c2159b645a6670,0
142139e93a8856e7,142139e93a8856e7,1
32c0a4148ca7ac8e,78efcc816af2fdc3,0
4293ac9968cb4e6c,4293ac9968cb4e6c,0
6e34b198b2b1121f,6e34b198b2b1121f,0
a92b324b59611fe6,1e33366ffd43ba47,1
60070ea0e7567447,241e0540e11ca598,1
fceb61bde53500fe,fceb61bde53500fe,1
6e68801d7394fa19,6e68801d7394fa19,1
d6087d5ba3581384,72486d71514c3181,1
d765c1e269fd0392,2e16e15835584c90,1
9f15df53be28deb4,9f15df53be28deb4,1
e988d449712c60db,428661b8bf347dbb,1
6f3f76acf7ec3cd3,6f3f76acf7ec3cd3,1
448303117dea6f8c,e5155fd0ec21853b,1
4eb8adfdaac266af,4eb8adfdaac266af,1
4238cc48a3ff31e5,4238cc48a3ff31e5,0
5cae7bd102cd3825,cc03b456a5271f26,1
688ae51aba521f4a,688ae51aba521f4a,1
6b718f34e84ee4e3,0e5879532d672c89,1
b89b0eda96a89809,b89b0eda96a89809,1
7fafbb4445ff4cf1,f2d4119451f5cb92,0
f242380a2219bf0f,bbf469584a779ab6,0
b11a51626f992a50,b11a51626f992a50,0
f2a7e024e3e6066d,beffccc17ced609d,0
f7c0ff48eceb503e,f7c0ff48eceb503e,0
4f369740ce72dc87,d4dc85c122512bba,0
a63c24ed7d7a8bd4,8b89a66a3d42b7a5,1
7e1eb5f334f13e6a,e60b7100e468d88c,1
8774cd1cafdc49e2,5723734d2e26e867,1
6d058d5c90745009,6d058d5c90745009,1
b86141b34938d1b0,d0cc090856354a54,1
0bb2fe7bcb9a7db5,8f1d60bd05d30cef,0
5d0cbe01a15bc77d,41490dc4bafcedfc,1
87fdbca108643a5e,87fdbca108643a5e,1
9a0d2d95e18c45c9,9a0d2d95e18c45c9,1
f98c710b784a4934,a73a95be27afe3e5,1
60c82bcbb67dd50c,724e2d70e1f1a071,1
33c843b2b83a059f,8c6d5c1cacbfc411,1
02fb6a97781e7198,08079a64b698f10e,1
2f580fca31eb1c45,2f580fca31eb1c45,1
37fd70649b1d40f2,fe63f0de801ef1d8,1
9287b672cb1133ec,623c54cfcd4d6cfb,1
e14c8aaa7ca0b321,e14c8aaa7ca0b321,1
7b3383e6f4b87be3,5c401b19a952bf22,0
9578aa4e7a0d5837,9578aa4e7a0d5837,1
cf8521e98e1b44e6,eee86c709e47f4e3,1
3dcb86eace0b829d,a17587dd7f77a48f,0
d579dc945280a04d,234487131f815ba9,0
2b5dccb679dfd9ae,2b5dccb679dfd9ae,0
87a7299173e9f771,664dfbf382a12cdb,1
cb23d9f0ae387855,cb23d9f0ae387855,1
d35e10bbb9ecb640,ed9932c99af73c3c,1
6eb52c353346d55e,6eb52c353346d55e,1
44686da2094c5ab7,0605aa9dda9ecd13,1
2b34e6c6042158df,01ecfdef10e88e3c,1
6862054f432c8837,0c8abf2d492fc743,1
7a522ab9f16db9a6,7a522ab9f16db9a6,1
b8c62e0234c9f575,3cd312dab1a3eec9,1
4cc68388b26a5e1b,4cc68388b26a5e1b,1
613d576b543af0c3,4ea93b7fa80e5013,1
85a1ea2e394ad392,85a1ea2e394ad392,1
4773816e34c156e0,4773816e34c156e0,0
4dfe0ceac4694488,4dfe0ceac4694488,1
9d74410e19917ade,d81dddf2e509200e,0
74f62e32cc641531,74f62e32cc641531,0
1c893386b35e296b,a9929d16915252b5,0
cf17f3a4e9a411af,12456cf92eb81949,0
b06cc8cb41482f69,0d65e7f01e713ee2,0
7ea57e06836c6896,6fd572d0a4b50dba,0
ab7cc19f5719206b,f5d6262cd176c852,0
62604a76a3091f54,5f8b16325ffde5fd,1
ce00dd69a6b3483f,ce00dd69a6b3483f,1
53823a9c8343cd9b,914477a497db6f6f,1
2617a35ef35bb845,953d39c197c90d26,1
9aaf5eac9a239859,9aaf5eac9a239859,1
e914e1bceef5c326,e914e1bceef5c326,1
55c997f3658be5d6,55c997f3658be5d6,1
fe0adaa2f0808a67,fe0adaa2f0808a67,1
a66e645fe6c25a2e,ab04762e300133fc,1
a5766d5801236733,a5766d5801236733,1
56444ce307f94293,a5b200059cddd4f1,1
952b85ca14de0758,a3153e90dfed478e,0
e92d6771b98a80f1,e92d6771b98a80f1,0
b9b53846e64a2e75,b9b53846e64a2e75,0
479fce1c9b92f275,c07b68b71f924fa0,0
56f038a29dd12af5,56f038a29dd12af5,0
85b724574d15ab4d,886d2fd5185371c5,1
46012d63259dc8e5,5b028562c6f281cb,1
bd1c1d3921faa50d,1496a98256d53491,1
def81a49715ee0c9,09303b13df7a5df5,1
740951269dcfbee1,740951269dcfbee1,1
e604aa03ea79473d,61a20e240e8c1c37,1
60f17bc42698d535,60f17bc42698d535,1
1d63544f56291159,3db52fd8d14b4bfc,1
346efd2558b60172,9a6085d83656650d,1
fe92b33397c8e35b,fe92b33397c8e35b,1
edde94cc1da44f04,bd16be31801b2c07,1
d16ddd10aad636ba,aae0a97b64bd6c62,0
d03be6c55e79fa0a,aa39a454ac387ae2,0
58a5a81d0b984e75,58a5a81d0b984e75,1
8293d2771d6d90e0,99e9d507a44290dd,1
2363919224c4e823,903a3bae574e2e65,1
ab8ff90a3c56feac,ab8ff90a3c56feac,1
77bbfffabb1f3baf,ae4e1373245aabe0,1
efd8cde72daa9a38,2616f881a4d8bba5,1
d0ce53fde9421ecd,b3503b790fd95376,1
02216acb7d17e8fe,02216acb7d17e8fe,1
0866f20dcfa7dcda,361c012e268755f4,1
1de59a8e87a5771a,1de59a8e87a5771a,1
3e5f1a9df6462c38,3e5f1a9df6462c38,1
001ce96297f88b75,001ce96297f88b75,0
87c966d5ceac164a,f6faa56c9a5808a2,1
d6ee3caa4177e3f7,3344415cf6d751c4,0
f4b4390900626f67,a6b0f6347c160167,0
4200280e220606d7,27b280a564ae3714,1
002e1439cd1b2af8,002e1439cd1b2af8,0
b6d3f1dedee97292,b6d3f1dedee97292,0
fc2f7b95ec286788,6b6054d93e5d3779,1
5cf27bf428f5f322,53eeeb34e059c62e,1
1221635b2a8e3d74,339a0da70335029d,1
69e5ee37f655b275,86f5c9e550af9fd7,1
bca79ca485aac622,87850ee8c67bd955,1
c905bb05a6e979ef,c905bb05a6e979ef,1
5ce16bc759900066,ae53271aab1aaaab,1
8fa8c5acd3947ac2,2d8f10261ccedf4e,1
ee69c30ca03a65d4,ee69c30ca03a65d4,1
d7d0d04b81670ba7,eed5e2b53ebb3d94,0
18653e8a1d2f19e5,64fcd532861c1660,1
0749d9456475d2bc,0749d9456475d2bc,1
acc19448df0a8d93,acc19448df0a8d93,0
6fba38eedba61e6f,6fba38eedba61e6f,0
e867edaaf7963dbe,e867edaaf7963dbe,1
8b59766c3b1fa250,5303010b4f0b603b,1
ddd6d3c02079fddc,6d2dec484c2eb18f,1
53d3efeed244a3af,48d749349c6a1165,1
a569280886a03872,178ede42bb650087,1
b230136f91b55f27,b230136f91b55f27,1
df52bb13a105ea23,a00ef5a832d365dd,1
dd82efa8898c4c2c,dd82efa8898c4c2c,1
8da54a7b6c731d2b,6b2c8b7a0ca5014c,1
f06b71d311136b88,7e45a66d560b0d06,1
5ebe23c3f82cc2da,284def6a2e5941a6,1
e4f693604ec8dbcb,e4f693604ec8dbcb,1
